--
-- PostgreSQL database dump
--

-- Dumped from database version 16.9 (84ade85)
-- Dumped by pg_dump version 16.9

SET statement_timeout = 0;
SET lock_timeout = 0;
SET idle_in_transaction_session_timeout = 0;
SET client_encoding = 'UTF8';
SET standard_conforming_strings = on;
SELECT pg_catalog.set_config('search_path', '', false);
SET check_function_bodies = false;
SET xmloption = content;
SET client_min_messages = warning;
SET row_security = off;

--
-- Data for Name: assets; Type: TABLE DATA; Schema: public; Owner: neondb_owner
--

COPY public.assets (id, user_id, type, name, currency, balance, metadata, created_at, updated_at) FROM stdin;
839b886c-5a61-49c4-a59f-28f2e5308d49	dev-user-1	account	카카오뱅크 (김학태)	KRW	0.00000000	{"bankName": "카카오뱅크", "accountHolder": "김학태", "accountNumber": "3333-03-1258874"}	2025-08-19 13:44:01.675593	2025-08-23 02:30:08.149
9d44c8a5-c0ed-4a03-81e8-dc30951c9293	dev-user-1	account	국민은행 (김학태)	KRW	150000.00000000	{"bankName": "국민은행", "accountHolder": "김학태", "accountNumber": "123-456-789123"}	2025-08-19 13:44:01.657519	2025-08-23 06:39:38.351
df3b2f8e-b5e8-48a2-9589-8a0e9e89c30c	dev-user-1	account	신한은행	VND	51200000.00000000	{"bank": "신한은행", "accountHolder": "조윤희", "accountNumber": "110-123-456789"}	2025-08-19 13:44:01.727997	2025-08-23 06:40:04.466
520dbbac-87b2-4f7b-aab8-ae05af2f5b05	dev-user-1	account	하나은행	KRW	364650.00000000	{"bank": "하나은행", "accountHolder": "조윤희", "accountNumber": "123-456-7890"}	2025-08-19 13:44:01.639757	2025-08-23 06:40:06.631
b00e0b56-9d25-4c51-8dcf-7416d858e70c	dev-user-1	account	BIDV	VND	12812500.00000000	{"bank": "BIDV", "accountHolder": "조윤희", "accountNumber": "110-456-789123"}	2025-08-19 13:44:01.711355	2025-08-23 06:40:06.685
214aae16-08b2-498f-8758-82407f2e568f	dev-user-1	vietnamese-account	우리은행 (김학태)	VND	70000000.00000000	{"country": "베트남", "bankName": "우리은행", "accountHolder": "김학태", "accountNumber": "1002-123-456789"}	2025-08-19 13:44:01.693292	2025-08-20 10:29:01.068
6f46f0e4-82ed-4ee2-b203-ea7bf5a2a39e	dev-user-1	cash	USD 현금	USD	2455.00000000	{"denominations": {"1": 0, "2": 0, "5": 21, "10": 22, "20": 21, "50": 21, "100": 6}}	2025-08-19 13:44:01.604781	2025-08-22 13:43:16.096
63152526-9a9d-4fac-905d-91c15942b698	dev-user-1	exchange	Bithumb USDT	USDT	0.00000000	{"exchange": "Bithumb"}	2025-08-19 13:44:01.745463	2025-08-19 15:33:28.794
293044e7-4305-4b58-9595-91b83211a245	dev-user-1	binance	Binance USDT	USDT	0.00000000	{"exchange": "Binance", "assetType": "crypto"}	2025-08-19 13:44:01.762219	2025-08-19 15:34:43.282
c191b37f-ac63-4ce8-b398-3b56d9b9a5c6	dev-user-1	cash	VND 현금	VND	217170000.00000000	{"denominations": {"100": 0, "200": 0, "1000": 3, "2000": 8, "5000": 6, "10000": 5, "20000": 8, "50000": 0, "89000": 0, "100000": 3, "200000": 394, "500000": 276}}	2025-08-19 13:44:01.621504	2025-08-23 06:41:01.668
51c625d0-b430-4871-9ef5-ba2b05d8a1fd	dev-user-1	cash	KRW 현금	KRW	3848460.00000000	{"denominations": {"1000": 159, "5000": 35, "10000": 97, "50000": 43}}	2025-08-19 13:44:01.580318	2025-08-23 06:41:01.733
\.


--
-- Data for Name: exchange_rate_history; Type: TABLE DATA; Schema: public; Owner: neondb_owner
--

COPY public.exchange_rate_history (id, user_id, from_currency, to_currency, denomination, gold_shop_rate, my_buy_rate, my_sell_rate, is_active, memo, change_percentage, record_date, created_at) FROM stdin;
5cfd39c6-28bd-4ced-910f-d0de7a73803f	dev-user-1	USD	VND	100	25200.00000000	25000.00000000	25300.00000000	true	100달러 지폐	4.00	2025-08-17 17:42:59.75	2025-08-17 17:42:59.75
91af58f6-e9af-4b6d-b166-b5d03ac56216	dev-user-1	USD	VND	50	25180.00000000	24980.00000000	25280.00000000	true	50달러 지폐	2.08	2025-08-17 17:42:59.773	2025-08-17 17:42:59.773
d06b192f-0769-40e4-84c3-f4685ebc9030	dev-user-1	USD	VND	100	26000.00000000	26000.00000000	26200.00000000	true		0.00	2025-08-18 04:48:40.784	2025-08-18 04:57:15.88488
b5f389f4-d584-4829-ba9f-c88beea6ecea	dev-user-1	USD	VND	5_2_1	25300.00000000	25000.00000000	25100.00000000	true		0.00	2025-08-18 04:52:40.5	2025-08-18 04:57:38.528802
d8d742c5-dbf5-4d50-b0cf-16b4bca88c95	dev-user-1	USD	VND	100	26400.00000000	26000.00000000	26200.00000000	true		0.38	2025-08-18 05:37:23.442	2025-08-18 05:37:35.595646
a9164312-2a34-47bb-80eb-fe3d3ed4397c	dev-user-1	USD	VND	100	26500.00000000	26100.00000000	26300.00000000	false		-0.38	2025-08-18 05:40:55.563	2025-08-18 05:42:02.431139
865f37eb-0a2e-4b95-89ee-9214a60b765e	dev-user-1	USD	VND	100	26400.00000000	26000.00000000	26200.00000000	false		0.38	2025-08-18 05:44:04.085	2025-08-18 05:44:20.735997
c04d7a11-b98a-4139-830f-16327cc69ef4	dev-user-1	USD	VND	100	26500.00000000	26100.00000000	26300.00000000	false		-0.38	2025-08-18 05:46:44.462	2025-08-18 05:46:56.573548
5390dec7-bf7a-426c-a698-1f93c9a9465f	dev-user-1	USD	VND	50	25800.00000000	25500.00000000	25600.00000000	true		-0.39	2025-08-18 04:49:48.139	2025-08-18 05:47:26.274951
778a1996-e426-49c6-abdb-cbb6ecc54e5e	dev-user-1	USD	VND	100	26400.00000000	26000.00000000	26200.00000000	false		0.38	2025-08-18 05:46:56.597	2025-08-18 05:51:42.251165
0a34d5dd-d6da-4d9b-8e9e-aba27aa0d1ff	dev-user-1	KRW	VND	50000	19.20000000	19.00000000	19.40000000	true	5만원권	0.00	2025-08-18 05:29:15.071	2025-08-18 05:54:50.098867
84e0a0bd-657a-419f-94a6-876fd83ae96d	dev-user-1	KRW	VND	10000	19.10000000	18.90000000	19.30000000	true	1만원권	0.00	2025-08-17 17:42:59.807	2025-08-18 05:55:01.163014
6d5c126b-8343-419a-933b-9f19d3cbc06a	dev-user-1	KRW	VND	50000	19.20000000	19.00000000	19.40000000	false		-0.53	2025-08-18 06:23:46.169	2025-08-18 07:10:30.614469
10e182be-b82e-48bd-980e-a457e0ee3e9f	dev-user-1	KRW	VND		19.10000000	18.90000000	19.30000000	false	소숫점 입력 안됨.소숫점 입력 안됨.소숫점 입력 안됨.소숫점 입력 안됨.소숫점 입력 안됨.소숫점 입력 안됨.소숫점 입력 안됨.소숫점 입력 안됨.소숫점 입력 안됨.	0.00	2025-08-18 06:23:50.551	2025-08-18 07:11:25.346715
78854687-542e-4f4e-acc8-9c0e6d06f01b	dev-user-1	USD	VND	100	26500.00000000	26100.00000000	26300.00000000	false	테스트 메모테스트 메모테스트 메모테스트 메모테스트 메모테스트 메모테스트 메모테스트 메모테스트 메모	0.00	2025-08-18 05:51:42.273	2025-08-18 07:15:32.313954
db0d83c9-c192-4dcc-9470-86baabfb20f1	dev-user-1	USD	VND	100	26400.00000000	26100.00000000	26200.00000000	false		0.00	2025-08-18 07:15:32.34	2025-08-18 08:02:00.146209
5c2a5d83-0ea1-462f-8f2f-c4f09dfe3f5b	dev-user-1	USD	VND	100	25200.00000000	25000.00000000	25300.00000000	false	100달러 지폐	4.00	2025-08-18 08:56:53.388	2025-08-18 09:00:30.527336
a56e5c3a-87db-4082-a6a4-2cc68b6802fa	dev-user-1	KRW	VND	50000	19.20000000	19.00000000	19.40000000	false	5만원권	-10.53	2025-08-18 08:57:01.17	2025-08-18 09:02:15.019916
e9124a5c-19dc-4946-b3e2-c3263826e59b	dev-user-1	KRW	VND	10000	19.10000000	18.90000000	19.30000000	false	1만원권	-15.34	2025-08-18 08:57:02.378	2025-08-18 09:02:38.965765
e317aa6d-eac9-4686-8eb9-5b190eca227b	dev-user-1	KRW	VND	50000	19.00000000	17.45000000	18.77000000	false		-2.58	2025-08-18 09:02:15.044	2025-08-18 12:01:26.244821
61aeffce-0513-4140-b0df-e9159d0dc34f	dev-user-1	KRW	VND	10000	18.00000000	16.15000000	17.33000000	false		-0.93	2025-08-18 09:02:38.981	2025-08-18 12:01:52.529038
f44cf418-1798-4258-b120-54c10cdee5cd	dev-user-1	KRW	VND	5000_1000	17.00000000	15.25000000	15.25000000	false		-1.64	2025-08-18 09:03:03.537	2025-08-18 12:02:49.601253
ee878e31-61c6-484f-908a-681c22892e81	dev-user-1	USD	VND	100	25200.00000000	25000.00000000	25300.00000000	true	100달러 지폐	4.00	2025-08-19 13:44:01.796	2025-08-20 02:42:44.207173
38bb4389-4120-46ca-967e-2065975af500	dev-user-1	USD	VND	50	25180.00000000	24980.00000000	25280.00000000	true	50달러 지폐	3.28	2025-08-19 13:44:01.835	2025-08-20 02:43:06.150444
0bf752d5-d455-414c-86dc-742dbf1a560a	dev-user-1	KRW	VND	50000	19.20000000	19.00000000	19.40000000	true	5만원권	-0.53	2025-08-19 13:44:01.868	2025-08-20 07:06:23.857769
a3a2774e-33c8-493c-a9dd-882edbece91e	dev-user-1	KRW	VND	10000	19.10000000	18.90000000	19.30000000	true	1만원권	-0.53	2025-08-19 13:44:01.902	2025-08-20 07:07:02.855797
06d8d9ff-bbe1-4c0a-891e-9ab980effd34	dev-user-1	KRW	VND	10000	19.10000000	18.80000000	19.00000000	true		0.00	2025-08-20 07:07:02.867	2025-08-20 07:07:55.843534
2a4a218c-1f66-4c13-8111-4bc73a57369c	dev-user-1	KRW	USD	50000	0.00072500	0.00072000	0.00071500	true	KRW→USD 테스트 시세	-0.14	2025-08-20 13:17:41.12	2025-08-20 13:27:19.529798
3f28a883-d990-4bca-99f8-6ef2efb02077	dev-user-1	VND	KRW	500000	0.05200000	0.05100000	0.05300000	true	50만동권	7.84	2025-08-19 13:46:40.715	2025-08-21 08:34:25.011838
d9decaec-c4f8-49ca-bd2e-6d1d0657a334	dev-user-1	VND	KRW	200000	0.05200000	0.05100000	0.05300000	true	20만동권	5.88	2025-08-19 13:46:40.715	2025-08-21 08:34:57.323825
db04a9ac-56a1-44ef-bdee-194bcd90c661	dev-user-1	VND	KRW	100000	0.05200000	0.05100000	0.05300000	true	10만동권	3.92	2025-08-19 13:46:40.715	2025-08-21 08:35:13.789926
b3de96af-a45c-48ec-b649-f1c153630fe3	dev-user-1	VND	KRW	50000	0.05200000	0.05100000	0.05300000	true	5만동권	1.96	2025-08-19 13:46:40.715	2025-08-21 08:35:31.223438
18751793-bcd3-43a1-a755-06497d89669c	dev-user-1	VND	KRW	20000	0.05200000	0.05100000	0.05300000	true	2만동권	0.00	2025-08-19 13:46:40.715	2025-08-21 08:35:48.633599
c49e1bfe-5068-483e-aabc-65cab4257bb7	dev-user-1	VND	KRW	10000	0.05200000	0.05100000	0.05300000	true	1만동권	-1.96	2025-08-19 13:46:40.715	2025-08-21 08:36:15.388442
\.


--
-- Data for Name: exchange_rates; Type: TABLE DATA; Schema: public; Owner: neondb_owner
--

COPY public.exchange_rates (id, user_id, from_currency, to_currency, denomination, gold_shop_rate, my_buy_rate, my_sell_rate, is_active, memo, updated_at, created_at) FROM stdin;
2481b024-ebee-4e30-8fa5-31c3ceb54c0f	dev-user-1	USD	VND	100	26400.00000000	26000.00000000	26200.00000000	true		2025-08-20 02:42:44.237	2025-08-19 13:44:01.796836
ea3bfb83-68b7-4bc0-a7e5-ca0deefb0405	dev-user-1	USD	VND	50	26000.00000000	25800.00000000	26000.00000000	true		2025-08-20 02:43:06.17	2025-08-19 13:44:01.835293
a3dbc06d-01a6-41ac-bebb-8b546ba7e81f	dev-user-1	USD	VND	20_10	25800.00000000	25400.00000000	25600.00000000	true		2025-08-20 02:43:50.530789	2025-08-20 02:43:50.530789
8925ee56-0e1c-4821-8887-9da793bd5713	dev-user-1	USD	VND	5_2_1	25400.00000000	25000.00000000	25200.00000000	true		2025-08-20 02:44:08.223121	2025-08-20 02:44:08.223121
24a0d08a-8a8c-4c74-9446-0f92e70c73af	dev-user-1	KRW	VND	50000	19.20000000	18.90000000	19.00000000	true		2025-08-20 07:06:23.91	2025-08-19 13:44:01.868909
430e4c7e-b84e-4a8d-8aa3-5767ef8d4e2f	dev-user-1	USD	KRW	50	1388.00000000	1383.00000000	1392.00000000	true	50달러권 시세	2025-08-20 13:32:39.057586	2025-08-20 13:32:39.057586
a59c3eb1-1e10-40af-a069-135cdd2b9c95	dev-user-1	KRW	VND	5000_1000	19.00000000	18.70000000	18.80000000	true		2025-08-20 07:07:39.246675	2025-08-20 07:07:39.246675
f18b6bc6-f829-469a-8ac6-96e63da70095	dev-user-1	KRW	VND	10000	19.10000000	18.80000000	18.90000000	true		2025-08-20 07:07:55.852	2025-08-19 13:44:01.902977
b7de227e-e5c1-4ef9-9787-088f861bbad7	dev-user-1	USD	KRW	20_10	1388.00000000	1380.00000000	1395.00000000	true	20/10달러권 시세	2025-08-20 13:32:40.492162	2025-08-20 13:32:40.492162
47b5eaf2-238d-4ad2-94ea-fe78ae246631	dev-user-1	USD	KRW	5_2_1	1388.00000000	1375.00000000	1400.00000000	true	5/2/1달러권 시세	2025-08-20 13:32:41.906073	2025-08-20 13:32:41.906073
6a745c45-f366-4fbb-847f-8b1bd1eac442	dev-user-1	VND	KRW	500000	0.05800000	0.05500000	0.05700000	true		2025-08-21 08:34:25.039	2025-08-19 13:46:40.715258
0533cc7a-d80e-4352-ba2d-2646affe9a01	dev-user-1	VND	KRW	200000	0.05700000	0.05400000	0.05600000	true		2025-08-21 08:34:57.334	2025-08-19 13:46:40.715258
3c50b7ed-9400-4630-8152-0f34a477efc1	dev-user-1	VND	KRW	100000	0.05600000	0.05300000	0.05500000	true		2025-08-21 08:35:13.8	2025-08-19 13:46:40.715258
799d5e64-2ac1-4deb-acad-b9b7326e6597	dev-user-1	KRW	USD	1000	1388.00000000	1396.00000000	1404.00000000	true	천원권 시세 (1달러당)	2025-08-20 13:30:55.017	2025-08-20 13:27:18.724302
832f5fb7-2a05-40d5-9e2f-b67e55c65b78	dev-user-1	KRW	USD	5000	1388.00000000	1394.00000000	1405.00000000	true	오천원권 시세 (1달러당)	2025-08-20 13:30:57.284	2025-08-20 13:27:18.995174
09f6bb07-8fea-4e8f-bae3-2a0b7c007dfa	dev-user-1	KRW	USD	10000	1388.00000000	1392.00000000	1403.00000000	true	만원권 시세 (1달러당)	2025-08-20 13:30:59.651	2025-08-20 13:27:19.256761
0b15ab9f-96ef-4960-a025-33a1d952b150	dev-user-1	KRW	USD	50000	1388.00000000	1390.00000000	1401.00000000	true	오만원권 시세 (1달러당, 우대환율)	2025-08-20 13:31:01.315	2025-08-20 13:17:41.120743
ea0f5b6c-6fe8-45bf-ba3a-cf845b9d104e	dev-user-1	USD	KRW	100	1388.00000000	1385.00000000	1390.00000000	true	100달러권 시세	2025-08-20 13:32:37.444	2025-08-20 13:17:34.434649
5a9fccef-b391-41ac-b7f6-d8e05e698bfb	dev-user-1	VND	KRW	50000	0.05500000	0.05200000	0.05400000	true		2025-08-21 08:35:31.237	2025-08-19 13:46:40.715258
b47b1ef1-e141-4eb0-8e45-29c2f2eafbe8	dev-user-1	VND	KRW	20000	0.05400000	0.05100000	0.05300000	true		2025-08-21 08:35:48.643	2025-08-19 13:46:40.715258
36980580-fdc1-4f79-89dd-1a54e9fe847e	dev-user-1	VND	KRW	10000	0.05300000	0.05000000	0.05200000	true		2025-08-21 08:36:15.397	2025-08-19 13:46:40.715258
0b1f0d08-e138-4efb-980d-fe95989ef505	dev-user-1	VND	KRW	5000	0.05300000	0.05000000	0.05200000	true		2025-08-21 08:40:14.961515	2025-08-21 08:40:14.961515
d92c3f01-7563-4aa9-8d48-e3fc01ec07f6	dev-user-1	VND	KRW	1000	0.05300000	0.05000000	0.05200000	true		2025-08-21 08:40:34.000653	2025-08-21 08:40:34.000653
\.


--
-- Data for Name: rates; Type: TABLE DATA; Schema: public; Owner: neondb_owner
--

COPY public.rates (id, user_id, from_currency, to_currency, rate, source, "timestamp") FROM stdin;
\.


--
-- Data for Name: transactions; Type: TABLE DATA; Schema: public; Owner: neondb_owner
--

COPY public.transactions (id, user_id, type, from_asset_type, from_asset_id, from_asset_name, to_asset_type, to_asset_id, to_asset_name, from_amount, to_amount, rate, fees, profit, market_price, custom_price, memo, metadata, "timestamp", status, parent_transaction_id, is_main_transaction) FROM stdin;
d84ec46f-7ff9-4947-960f-80f26d5c0127	dev-user-1	cash_change			현금 증가			USD 현금	319.00000000	319.00000000	1.00000000	0.00000000	0.00000000	\N	\N		{"assetId": "usd-cash-placeholder", "denominationChanges": {"1": 14, "2": 0, "5": 1, "10": -4, "20": -3, "50": 0, "100": 4}}	2025-08-19 13:44:01.913	confirmed	\N	true
3e453cbd-b2de-4584-861c-d73c4ebcc61e	dev-user-1	cash_change			현금 증가			KRW 현금	480000.00000000	480000.00000000	1.00000000	0.00000000	0.00000000	\N	\N		{"assetId": "krw-cash-placeholder", "denominationChanges": {"1000": 0, "5000": 0, "10000": 3, "50000": 9}}	2025-08-19 13:44:01.937	confirmed	\N	true
7fc4af05-0137-460a-ae79-90ae1d5cf2d5	dev-user-1	cash_change			현금 증가			VND 현금	18510000.00000000	18510000.00000000	1.00000000	0.00000000	0.00000000	\N	\N		{"assetId": "vnd-cash-placeholder", "denominationChanges": {"1000": 0, "2000": 0, "5000": 0, "10000": -7, "20000": -1, "50000": 0, "100000": 7, "200000": -3, "500000": 37}}	2025-08-19 13:44:01.956	confirmed	\N	true
dae08669-9e89-4825-8bb0-c20a851b0268	dev-user-1	cash_change	\N	\N	현금 증가	\N	\N	KRW 현금	60000.00000000	60000.00000000	1.00000000	0.00000000	0.00000000	\N	\N		{"assetId": "51c625d0-b430-4871-9ef5-ba2b05d8a1fd", "denominationChanges": {"1,000": 10, "5,000": 10, "10,000": 0, "50,000": 0}}	2025-08-19 13:44:16.361247	confirmed	\N	true
cc871d26-97df-4f20-98c9-81c16b0bec21	dev-user-1	cash_change	\N	\N	현금 증가	\N	\N	VND 현금	380000.00000000	380000.00000000	1.00000000	0.00000000	0.00000000	\N	\N		{"assetId": "c191b37f-ac63-4ce8-b398-3b56d9b9a5c6", "denominationChanges": {"1,000": 10, "2,000": 10, "5,000": 10, "10,000": 10, "20,000": 10, "50,000": 0, "100,000": 0, "200,000": 0, "500,000": 0}}	2025-08-19 13:44:34.780787	confirmed	\N	true
ba2732dd-bc45-49a8-849a-0d160c0bd412	dev-user-1	cash_exchange	cash		VND 현금	account		KRW 현금	97400000.00000000	4967000.00000000	0.05099589	0.00000000	0.00000000	\N	\N		{"floorProfit": 0, "customerName": "", "customerPhone": "", "toDenomination": "", "isAutoCalculated": false, "fromDenominations": ["200000"], "exchangeRateSource": "", "denominationAmounts": {"200000": "487"}}	2025-08-19 13:50:57.445539	cancelled	\N	true
2eb469f2-5732-4f58-9cfa-c692ac372da0	dev-user-1	cash_exchange	cash		VND 현금	account		KRW 현금	2000000.00000000	102000.00000000	0.05100000	0.00000000	0.00000000	\N	\N		{"floorProfit": 0, "customerName": "", "customerPhone": "", "toDenomination": "", "isAutoCalculated": false, "fromDenominations": ["200000"], "exchangeRateSource": "", "denominationAmounts": {"200000": "10"}}	2025-08-19 13:53:50.740375	confirmed	\N	true
b34aa79f-710d-4727-aae6-2edd0e53d2f7	dev-user-1	cash_exchange	cash		VND 현금	account		KRW 현금	95400000.00000000	4865000.00000000	0.05099581	0.00000000	0.00000000	\N	\N		{"floorProfit": 0, "customerName": "", "customerPhone": "", "toDenomination": "", "isAutoCalculated": false, "fromDenominations": ["200000"], "exchangeRateSource": "", "denominationAmounts": {"200000": "477"}}	2025-08-19 13:55:19.867944	cancelled	\N	true
dbcc6840-5f16-479a-9e9f-04d3f608f97d	dev-user-1	cash_exchange	cash		VND 현금	account		KRW 현금	2000000.00000000	102000.00000000	0.05100000	0.00000000	0.00000000	\N	\N		{"floorProfit": 0, "customerName": "", "customerPhone": "", "toDenomination": "", "isAutoCalculated": false, "fromDenominations": ["200000"], "exchangeRateSource": "", "denominationAmounts": {"200000": "10"}}	2025-08-19 13:59:47.572261	confirmed	\N	true
8872abb0-0859-40a4-a0a7-7eb28c5341d9	dev-user-1	cash_exchange	cash		VND 현금	account		KRW 현금	95400000.00000000	4865000.00000000	0.05099581	0.00000000	0.00000000	\N	\N		{"floorProfit": 0, "customerName": "", "customerPhone": "", "toDenomination": "", "isAutoCalculated": false, "fromDenominations": ["200000"], "exchangeRateSource": "", "denominationAmounts": {"200000": "477"}}	2025-08-19 14:01:01.012874	cancelled	\N	true
f36753f7-62d9-482f-8dd8-dd046511b5da	dev-user-1	cash_exchange	cash		VND 현금	account		KRW 현금	95400000.00000000	4865000.00000000	0.05099581	0.00000000	0.00000000	\N	\N		{"floorProfit": 0, "customerName": "", "customerPhone": "", "toDenomination": "", "isAutoCalculated": false, "fromDenominations": ["200000"], "exchangeRateSource": "", "denominationAmounts": {"200000": "477"}}	2025-08-19 14:01:06.527861	cancelled	\N	true
a8dee9de-36c3-46f1-975e-dd01da0d3142	dev-user-1	cash_exchange	cash		VND 현금	account		KRW 현금	95400000.00000000	4865000.00000000	0.05099581	0.00000000	0.00000000	\N	\N		{"floorProfit": 0, "customerName": "", "customerPhone": "", "toDenomination": "", "isAutoCalculated": false, "fromDenominations": ["200000"], "exchangeRateSource": "", "denominationAmounts": {"200000": "477"}}	2025-08-19 14:01:35.196192	cancelled	\N	true
e9869997-e1e5-4454-bbb3-c9372082f2f9	dev-user-1	cash_exchange	cash		VND 현금	account		KRW 현금	94000000.00000000	4794000.00000000	0.05100000	0.00000000	0.00000000	\N	\N		{"floorProfit": 0, "customerName": "", "customerPhone": "", "toDenomination": "", "isAutoCalculated": false, "fromDenominations": ["200000"], "exchangeRateSource": "", "denominationAmounts": {"200000": "470"}}	2025-08-19 14:01:47.617192	cancelled	\N	true
e3bf1861-15a1-437b-b79f-b7c1e2b5ddc4	dev-user-1	cash_exchange	cash		VND 현금	account		KRW 현금	95600000.00000000	4875000.00000000	0.05099372	0.00000000	0.00000000	\N	\N		{"floorProfit": 0, "customerName": "", "customerPhone": "", "toDenomination": "", "isAutoCalculated": false, "fromDenominations": ["200000"], "exchangeRateSource": "", "denominationAmounts": {"200000": "478"}}	2025-08-19 14:02:45.614315	cancelled	\N	true
75dc0f39-b6fb-47eb-9867-d7dc99963106	dev-user-1	cash_exchange	cash		VND 현금	account		KRW 현금	95400000.00000000	4865000.00000000	0.05099581	0.00000000	0.00000000	\N	\N		{"floorProfit": 0, "customerName": "", "customerPhone": "", "toDenomination": "", "isAutoCalculated": false, "fromDenominations": ["200000"], "exchangeRateSource": "", "denominationAmounts": {"200000": "477"}}	2025-08-19 14:02:51.678102	cancelled	\N	true
ebb94191-814b-4e4d-a06d-c6d007ab94d6	dev-user-1	cash_exchange	cash		VND 현금	account		KRW 현금	95400000.00000000	4865000.00000000	0.05099581	0.00000000	0.00000000	\N	\N		{"floorProfit": 0, "customerName": "", "customerPhone": "", "toDenomination": "", "isAutoCalculated": false, "fromDenominations": [], "exchangeRateSource": "", "denominationAmounts": {"200000": "477"}}	2025-08-19 14:04:11.146562	confirmed	\N	true
3de34d31-b2dc-4f5b-8234-38fd6243bbdf	dev-user-1	cash_exchange	cash		VND 현금	account		KRW 현금	2050000.00000000	104000.00000000	0.05073171	0.00000000	0.00000000	\N	\N		{"floorProfit": 0, "customerName": "", "customerPhone": "", "toDenomination": "", "isAutoCalculated": false, "fromDenominations": ["200000", "50000"], "exchangeRateSource": "", "denominationAmounts": {"50000": "1", "200000": "10"}}	2025-08-19 14:04:59.034349	confirmed	\N	true
1d966150-1299-488b-a1cf-6472bd804088	dev-user-1	network_transfer	exchange	\N	Bithumb USDT	binance	\N	Binance USDT	2563.07363534	2562.07363534	1.00000000	1.00000000	0.00000000	\N	\N	TRC20 네트워크 이동 (수수료: 1 USDT)	{"txHash": null, "network": "TRC20", "platform": "bithumb_to_binance", "netAmount": 2562.07363534, "networkFee": 1, "grossAmount": 2563.07363534}	2025-08-19 15:33:28.718113	confirmed	\N	true
e2fbcbf0-64e2-46ab-9d9c-92e94d775c0a	dev-user-1	binance_p2p	binance	293044e7-4305-4b58-9595-91b83211a245	Binance USDT	account	214aae16-08b2-498f-8758-82407f2e568f	우리은행 (김학태)	2563.21363534	67648334.26000000	26391.99999848	0.00000000	0.00000000	\N	\N	P2P 거래: 2563.21 USDT → 67,648,334 VND (우리은행)	{"bankName": "우리은행", "platform": "binance_p2p", "exchangeRate": 26392, "paymentMethod": "VND 우리은행 계좌"}	2025-08-19 15:34:36.934435	confirmed	\N	true
93fd046b-975f-454a-816b-329b19e0a854	dev-user-1	cash_exchange	cash		VND 현금	cash		USD 현금	61700000.00000000	2414.93000000	0.00003914	0.00000000	0.00000000	\N	\N		{"floorProfit": 0, "customerName": "", "usdBreakdown": {"1": 45, "5": 4, "10": 4, "50": 1, "100": 6}, "customerPhone": "", "toDenomination": "", "isAutoCalculated": false, "fromDenominations": ["200000", "500000"], "exchangeRateSource": "", "denominationAmounts": {"200000": "1", "500000": "123"}}	2025-08-20 03:13:54.017557	confirmed	\N	true
52b384d4-a3ce-4ee7-971d-5e7b958a4bd9	dev-user-1	cash_exchange	cash		VND 현금	cash		USD 현금	61700000.00000000	2414.93000000	0.00003914	0.00000000	0.00000000	\N	\N		{"floorProfit": 0, "customerName": "", "usdBreakdown": {"1": 45, "5": 4, "10": 4, "50": 1, "100": 6}, "customerPhone": "", "toDenomination": "", "isAutoCalculated": false, "fromDenominations": ["500000", "200000"], "exchangeRateSource": "", "denominationAmounts": {"200000": "1", "500000": "123"}}	2025-08-20 03:16:01.401978	confirmed	\N	true
094754ad-2461-423d-a253-f7d611b266e1	dev-user-1	cash_exchange	cash		VND 현금	cash		USD 현금	8600000.00000000	336.60000000	0.00003914	0.00000000	0.00000000	\N	\N		{"floorProfit": 0, "customerName": "", "usdBreakdown": {"1": 1, "5": 1, "10": 3, "100": 3}, "customerPhone": "", "toDenomination": "", "isAutoCalculated": false, "fromDenominations": ["200000", "500000"], "exchangeRateSource": "", "denominationAmounts": {"200000": "13", "500000": "12"}}	2025-08-20 03:25:34.86799	confirmed	\N	true
1595bc61-108c-4a0e-92f2-2baa7d853ce3	dev-user-1	cash_exchange	cash		VND 현금	cash		USD 현금	700000.00000000	27.39000000	0.00003913	0.00000000	0.00000000	\N	\N		{"floorProfit": 0, "customerName": "", "usdBreakdown": {"1": 2, "5": 3, "10": 1}, "customerPhone": "", "toDenomination": "", "isAutoCalculated": false, "fromDenominations": ["200000", "500000"], "exchangeRateSource": "", "denominationAmounts": {"200000": "1", "500000": "1"}}	2025-08-20 03:45:56.78454	confirmed	\N	true
521efb46-b898-48eb-a2d4-4f0e0cd4cefd	dev-user-1	cash_change	\N	\N	현금 증가	\N	\N	KRW 현금	660000.00000000	660000.00000000	1.00000000	0.00000000	0.00000000	\N	\N		{"assetId": "51c625d0-b430-4871-9ef5-ba2b05d8a1fd", "denominationChanges": {"1,000": 10, "5,000": 10, "10,000": 10, "50,000": 10}}	2025-08-20 05:19:57.891605	confirmed	\N	true
fc0a8ba3-1860-465f-a954-b0665e87e12a	dev-user-1	cash_exchange	cash		USD 현금	cash		VND 현금	70.00000000	1798000.00000000	25685.71428571	0.00000000	-2000.00000000	\N	\N		{"floorProfit": -2000, "customerName": "", "vndBreakdown": {}, "customerPhone": "", "toDenomination": "", "isAutoCalculated": false, "fromDenominations": ["50", "20_10"], "exchangeRateSource": "", "denominationAmounts": {"50": "1", "20_10": "1"}}	2025-08-20 08:48:35.221134	confirmed	\N	true
d63bcc2d-417a-48d3-8b46-b7d7cf1de1d0	dev-user-1	cash_exchange	\N	293044e7-4305-4b58-9595-91b83211a245	KRW 현금	\N	a4512bdf-8a89-4d7e-9c1a-8b2d6e8f9a0b	VND 현금	100000.00000000	1890000.00000000	18.90000000	0.00000000	0.00000000	\N	\N	KRW→VND 테스트 거래 (50,000원권 2장)	{"floorProfit": 0, "customerName": "테스트 고객", "vndBreakdown": {"20000": 2, "50000": 1, "100000": 1, "200000": 1, "500000": 3}, "customerPhone": "010-1234-5678", "fromDenominations": ["50000"], "exchangeRateSource": "manual", "denominationAmounts": {"50000": "2"}}	2025-08-20 09:26:56.178002	confirmed	\N	true
7fa549b9-05d2-424b-ab18-03ec65a6f3ee	dev-user-1	cash_exchange	\N	391044e7-4305-4b58-9595-91b83211a245	USD 현금	\N	c191b37f-ac63-4ce8-b398-3b56d9b9a5c6	VND 현금	50.00000000	1290000.00000000	25800.00000000	0.00000000	0.00000000	\N	\N	USD→VND 테스트 거래 (50달러권 1장)	{"floorProfit": 0, "customerName": "테스트 고객 2", "vndBreakdown": {"20000": 2, "50000": 1, "200000": 1, "500000": 2}, "customerPhone": "010-5678-9012", "fromDenominations": ["50"], "exchangeRateSource": "manual", "denominationAmounts": {"50": "1"}}	2025-08-20 09:27:14.916006	confirmed	\N	true
dc5b2588-cd7c-4285-b40a-04a8f14f7148	dev-user-1	cash_exchange	\N	c191b37f-ac63-4ce8-b398-3b56d9b9a5c6	VND 현금	\N	6f46f0e4-82ed-4ee2-b203-ea7bf5a2a39e	USD 현금	2000000.00000000	80.00000000	0.00004000	0.00000000	0.00000000	\N	\N	VND→USD 테스트 거래 (200만동)	{"floorProfit": 0, "customerName": "테스트 고객 3", "usdBreakdown": {"20": 4}, "customerPhone": "010-9876-5432", "fromDenominations": ["500000"], "exchangeRateSource": "manual", "denominationAmounts": {"500000": "4"}}	2025-08-20 09:27:53.891282	confirmed	\N	true
50dc0dc2-4deb-4d8a-bb2f-7fc9a63b912f	dev-user-1	cash_exchange	\N	c191b37f-ac63-4ce8-b398-3b56d9b9a5c6	VND 현금	\N	6f46f0e4-82ed-4ee2-b203-ea7bf5a2a39e	USD 현금	1500000.00000000	60.00000000	0.00004000	0.00000000	0.00000000	\N	\N	VND→USD 테스트 거래 수정 (150만동)	{"floorProfit": 0, "customerName": "테스트 고객 3", "usdBreakdown": {"1": 10, "50": 1}, "customerPhone": "010-9876-5432", "fromDenominations": ["500000"], "exchangeRateSource": "manual", "denominationAmounts": {"500000": "3"}}	2025-08-20 09:28:08.016428	confirmed	\N	true
4c07ea82-30e5-4acb-8a75-3c2725a869ba	dev-user-1	cash_change	\N	\N	현금 증가	\N	\N	KRW 현금	66000.00000000	66000.00000000	1.00000000	0.00000000	0.00000000	\N	\N		{"assetId": "51c625d0-b430-4871-9ef5-ba2b05d8a1fd", "denominationChanges": {"1,000": 1, "5,000": 1, "10,000": 1, "50,000": 1}}	2025-08-20 09:37:40.639058	confirmed	\N	true
fa0581e6-1dbb-43af-937a-780d4ea475f3	dev-user-1	cash_change	\N	\N	현금 증가	\N	\N	USD 현금	20.00000000	20.00000000	1.00000000	0.00000000	0.00000000	\N	\N	USD 현금 증감 테스트	{"assetId": "6f46f0e4-82ed-4ee2-b203-ea7bf5a2a39e", "denominationChanges": {"20": 1}}	2025-08-20 09:40:44.475463	confirmed	\N	true
dd920473-cb53-46f4-9b30-4a7383cbfa73	dev-user-1	cash_change	\N	\N	현금 증가	\N	\N	VND 현금	500000.00000000	500000.00000000	1.00000000	0.00000000	0.00000000	\N	\N	VND 현금 증감 테스트	{"assetId": "c191b37f-ac63-4ce8-b398-3b56d9b9a5c6", "denominationChanges": {"500,000": 1}}	2025-08-20 09:40:51.88814	confirmed	\N	true
8e9aa00d-f898-45e8-98b0-9115963dceec	dev-user-1	cash_change	\N	\N	현금 증가	\N	\N	KRW 현금	66000.00000000	66000.00000000	1.00000000	0.00000000	0.00000000	\N	\N		{"assetId": "51c625d0-b430-4871-9ef5-ba2b05d8a1fd", "denominationChanges": {"1,000": 1, "5,000": 1, "10,000": 1, "50,000": 1}}	2025-08-20 09:41:47.138178	confirmed	\N	true
ad75cc14-b9a4-4b20-a917-82a085233a57	dev-user-1	cash_change	cash	51c625d0-b430-4871-9ef5-ba2b05d8a1fd	KRW 현금	cash	51c625d0-b430-4871-9ef5-ba2b05d8a1fd	KRW 현금	5320000.00000000	5320000.00000000	1.00000000	0.00000000	0.00000000	\N	\N	현금 자산 수정	{"newBalance": 5320000, "oldBalance": 5320000, "assetUpdate": true, "balanceChange": 0, "denominationChanges": {"1,000": 5, "5,000": -5, "10,000": 5, "50,000": -5}}	2025-08-20 09:59:03.685426	confirmed	\N	true
38dbdacf-39c3-4641-91ca-595deb0be97e	dev-user-1	cash_change	cash	51c625d0-b430-4871-9ef5-ba2b05d8a1fd	KRW 현금	cash	51c625d0-b430-4871-9ef5-ba2b05d8a1fd	KRW 현금	5320000.00000000	4900000.00000000	1.00000000	0.00000000	-420000.00000000	\N	\N	현금 자산 수정	{"newBalance": 4900000, "oldBalance": 5320000, "assetUpdate": true, "balanceChange": -420000, "denominationChanges": {"10,000": 2}}	2025-08-20 10:10:04.064332	confirmed	\N	true
47370f82-c2ec-472c-af44-cd15d4ea6ec0	dev-user-1	cash_change	cash	51c625d0-b430-4871-9ef5-ba2b05d8a1fd	KRW 현금	cash	51c625d0-b430-4871-9ef5-ba2b05d8a1fd	KRW 현금	4900000.00000000	4880000.00000000	1.00000000	0.00000000	-20000.00000000	\N	\N	현금 자산 수정	{"newBalance": 4880000, "oldBalance": 4900000, "assetUpdate": true, "balanceChange": -20000, "denominationChanges": {"10,000": -2}}	2025-08-20 10:13:08.393341	confirmed	\N	true
002e186e-11a7-456a-a7bc-3aec5112a1b7	dev-user-1	cash_exchange	\N	\N	USD 현금	\N	\N	VND 현금	50.00000000	1300000.00000000	26000.00000000	0.00000000	0.00000000	\N	\N	USD→VND 환전 테스트	{"exchangeType": "USD_TO_VND", "usdBreakdown": {"10": 1, "20": 2}, "vndBreakdown": {"100000": 1, "200000": 1, "500000": 2}, "denominationAmounts": {"USD": {"10": 1, "20": 2}, "VND": {"100000": 1, "200000": 1, "500000": 2}}}	2025-08-20 10:28:37.028432	confirmed	\N	true
9e24c885-fec7-44aa-8467-a6b0a12baed1	dev-user-1	cash_change	cash	c191b37f-ac63-4ce8-b398-3b56d9b9a5c6	VND 현금	cash	c191b37f-ac63-4ce8-b398-3b56d9b9a5c6	VND 현금	96252000.00000000	94952000.00000000	1.00000000	0.00000000	-1300000.00000000	\N	\N	현금 자산 수정	{"newBalance": 94952000, "oldBalance": 96252000, "assetUpdate": true, "balanceChange": -1300000, "denominationChanges": {"100000": -1, "200000": -1, "500000": -2}}	2025-08-20 10:28:37.208753	confirmed	\N	true
b1473ba0-ebf1-4fc4-bf68-020200f3d5ed	dev-user-1	transfer	\N	\N	VND 현금	\N	\N	우리은행 (김학태)	5000000.00000000	5000000.00000000	1.00000000	0.00000000	0.00000000	\N	\N	현금 → 은행 입금 테스트	\N	2025-08-20 10:29:11.880206	confirmed	\N	true
ab70ec7a-0336-4ac6-9234-0965e2e2f955	dev-user-1	transfer	\N	\N	하나은행	\N	\N	KRW 현금	500000.00000000	500000.00000000	1.00000000	0.00000000	0.00000000	\N	\N	은행 → 현금 출금 테스트	\N	2025-08-20 10:29:13.420191	confirmed	\N	true
1d0fdc3d-e43a-44ca-8108-df28f54ae275	dev-user-1	cash_change	cash	6f46f0e4-82ed-4ee2-b203-ea7bf5a2a39e	USD 현금	cash	6f46f0e4-82ed-4ee2-b203-ea7bf5a2a39e	USD 현금	441.01000000	3172.00000000	1.00000000	0.00000000	2730.99000000	\N	\N	현금 자산 수정	{"newBalance": 3172, "oldBalance": 441.01, "assetUpdate": true, "balanceChange": 2730.99, "denominationChanges": {"2": 20, "5": 20, "10": 20, "20": 19, "50": 18, "100": 7, "20_10": 19}}	2025-08-20 12:14:05.893871	confirmed	\N	true
8c2151ca-b64d-4723-b8a5-5f0b0bfc6863	dev-user-1	cash_exchange	\N	\N	KRW 현금	\N	\N	VND 현금	150000.00000000	2850000.00000000	19.00000000	0.00000000	0.00000000	\N	\N	KRW→VND 테스트 거래 - 5만원 3장	{"customerName": "테스트고객1", "vndBreakdown": {"50000": 1, "100000": 1, "200000": 1, "500000": 5}, "customerPhone": "010-1234-5678", "transactionType": "cash_exchange", "denominationAmounts": {"50000": "3"}}	2025-08-20 12:26:32.765215	confirmed	\N	true
e92ff7bb-ef20-4d20-86a9-d12f7ae7195d	dev-user-1	cash_change	cash	51c625d0-b430-4871-9ef5-ba2b05d8a1fd	KRW 현금	cash	51c625d0-b430-4871-9ef5-ba2b05d8a1fd	KRW 현금	4880000.00000000	5030000.00000000	1.00000000	0.00000000	150000.00000000	\N	\N	현금 자산 수정	{"newBalance": 5030000, "oldBalance": 4880000, "assetUpdate": true, "balanceChange": 150000, "denominationChanges": {"50000": 3}}	2025-08-20 12:26:32.877571	confirmed	\N	true
3822a4d2-3bc5-4197-9fee-0eb488954890	dev-user-1	cash_change	cash	c191b37f-ac63-4ce8-b398-3b56d9b9a5c6	VND 현금	cash	c191b37f-ac63-4ce8-b398-3b56d9b9a5c6	VND 현금	94952000.00000000	92102000.00000000	1.00000000	0.00000000	-2850000.00000000	\N	\N	현금 자산 수정	{"newBalance": 92102000, "oldBalance": 94952000, "assetUpdate": true, "balanceChange": -2850000, "denominationChanges": {"50000": -1, "100000": -1, "200000": -1, "500000": -5}}	2025-08-20 12:26:32.946605	confirmed	\N	true
92aa7229-9a74-4305-a5f8-fbd4a43bfa82	dev-user-1	cash_exchange	\N	\N	VND 현금	\N	\N	KRW 현금	5000000.00000000	265000.00000000	18.90000000	0.00000000	0.00000000	\N	\N	VND→KRW 테스트 거래 - 50만동 10장	{"customerName": "테스트고객2", "krwBreakdown": {"5000": 1, "10000": 1, "50000": 5}, "customerPhone": "010-9876-5432", "transactionType": "cash_exchange", "denominationAmounts": {"500000": "10"}}	2025-08-20 12:26:47.965922	confirmed	\N	true
00107888-3343-4ca0-9cc7-7f80b3538243	dev-user-1	cash_change	cash	c191b37f-ac63-4ce8-b398-3b56d9b9a5c6	VND 현금	cash	c191b37f-ac63-4ce8-b398-3b56d9b9a5c6	VND 현금	92102000.00000000	97102000.00000000	1.00000000	0.00000000	5000000.00000000	\N	\N	현금 자산 수정	{"newBalance": 97102000, "oldBalance": 92102000, "assetUpdate": true, "balanceChange": 5000000, "denominationChanges": {"500000": 10}}	2025-08-20 12:26:48.081494	confirmed	\N	true
d38c721b-1f8a-408f-8c62-2b8242015251	dev-user-1	cash_change	cash	51c625d0-b430-4871-9ef5-ba2b05d8a1fd	KRW 현금	cash	51c625d0-b430-4871-9ef5-ba2b05d8a1fd	KRW 현금	5030000.00000000	4765000.00000000	1.00000000	0.00000000	-265000.00000000	\N	\N	현금 자산 수정	{"newBalance": 4765000, "oldBalance": 5030000, "assetUpdate": true, "balanceChange": -265000, "denominationChanges": {"50000": -3}}	2025-08-20 12:26:48.146887	confirmed	\N	true
dd6b411c-08a8-46b0-939b-ab09fe53570d	dev-user-1	cash_exchange	\N	\N	VND 현금	\N	\N	USD 현금	6000000.00000000	235.00000000	0.00003914	0.00000000	0.00000000	\N	\N	VND→USD 테스트 거래 - 50만동 12장	{"customerName": "테스트고객3", "usdBreakdown": {"100": 2, "20_10": 1, "5_2_1": 1}, "customerPhone": "010-1111-2222", "transactionType": "cash_exchange", "denominationAmounts": {"500000": "12"}}	2025-08-20 12:26:58.66006	confirmed	\N	true
38779074-2077-4c42-9c4d-a07fd3eead43	dev-user-1	cash_change	cash	c191b37f-ac63-4ce8-b398-3b56d9b9a5c6	VND 현금	cash	c191b37f-ac63-4ce8-b398-3b56d9b9a5c6	VND 현금	97102000.00000000	103102000.00000000	1.00000000	0.00000000	6000000.00000000	\N	\N	현금 자산 수정	{"newBalance": 103102000, "oldBalance": 97102000, "assetUpdate": true, "balanceChange": 6000000, "denominationChanges": {"500000": 12}}	2025-08-20 12:26:58.758858	confirmed	\N	true
4e9487f1-8009-4abe-bffd-d28aaa1a685d	dev-user-1	cash_change	cash	6f46f0e4-82ed-4ee2-b203-ea7bf5a2a39e	USD 현금	cash	6f46f0e4-82ed-4ee2-b203-ea7bf5a2a39e	USD 현금	3172.00000000	2937.00000000	1.00000000	0.00000000	-235.00000000	\N	\N	현금 자산 수정	{"newBalance": 2937, "oldBalance": 3172, "assetUpdate": true, "balanceChange": -235, "denominationChanges": {"100": -2, "20_10": -1}}	2025-08-20 12:26:58.826691	confirmed	\N	true
4a4a1532-79a9-483f-a029-652ecba1ee32	dev-user-1	cash_exchange	\N	\N	USD 현금	\N	\N	VND 현금	150.00000000	3800000.00000000	25333.33000000	0.00000000	0.00000000	\N	\N	USD→VND 테스트 거래 - $100 1장 + $50 1장	{"customerName": "테스트고객4", "vndBreakdown": {"100000": 1, "200000": 1, "500000": 7}, "customerPhone": "010-3333-4444", "transactionType": "cash_exchange", "denominationAmounts": {"50": "1", "100": "1"}}	2025-08-20 12:27:07.006308	confirmed	\N	true
a6e938ce-023a-43c9-b741-fabf656cc1a5	dev-user-1	cash_change	cash	6f46f0e4-82ed-4ee2-b203-ea7bf5a2a39e	USD 현금	cash	6f46f0e4-82ed-4ee2-b203-ea7bf5a2a39e	USD 현금	2937.00000000	3087.00000000	1.00000000	0.00000000	150.00000000	\N	\N	현금 자산 수정	{"newBalance": 3087, "oldBalance": 2937, "assetUpdate": true, "balanceChange": 150, "denominationChanges": {"50": 1, "100": 1}}	2025-08-20 12:27:07.108335	confirmed	\N	true
972f91ec-2623-40a6-a0b2-f337deb6a97b	dev-user-1	cash_change	cash	c191b37f-ac63-4ce8-b398-3b56d9b9a5c6	VND 현금	cash	c191b37f-ac63-4ce8-b398-3b56d9b9a5c6	VND 현금	103102000.00000000	99302000.00000000	1.00000000	0.00000000	-3800000.00000000	\N	\N	현금 자산 수정	{"newBalance": 99302000, "oldBalance": 103102000, "assetUpdate": true, "balanceChange": -3800000, "denominationChanges": {"100000": -1, "200000": -1, "500000": -7}}	2025-08-20 12:27:07.177721	confirmed	\N	true
99a266bb-4a1c-416a-800a-24cdc924f9d3	dev-user-1	cash_exchange	\N	\N	KRW 현금	\N	\N	VND 현금	100000.00000000	1900000.00000000	19.00000000	0.00000000	0.00000000	\N	\N	실제 테스트 - KRW→VND 1만원 10장	{"customerName": "실제테스트고객", "vndBreakdown": {"200000": 2, "500000": 3}, "customerPhone": "010-5555-6666", "transactionType": "cash_exchange", "denominationAmounts": {"10000": "10"}}	2025-08-20 12:29:18.9545	confirmed	\N	true
2fdd2388-d0a9-4b0a-a007-2d5d455f6996	dev-user-1	cash_change	cash	51c625d0-b430-4871-9ef5-ba2b05d8a1fd	KRW 현금	cash	51c625d0-b430-4871-9ef5-ba2b05d8a1fd	KRW 현금	4765000.00000000	4865000.00000000	1.00000000	0.00000000	100000.00000000	\N	\N	현금 자산 수정	{"newBalance": 4865000, "oldBalance": 4765000, "assetUpdate": true, "balanceChange": 100000, "denominationChanges": {"10000": 10}}	2025-08-20 12:29:19.07179	confirmed	\N	true
6db25807-8e2b-4572-a553-c29fe1fed77b	dev-user-1	cash_change	cash	c191b37f-ac63-4ce8-b398-3b56d9b9a5c6	VND 현금	cash	c191b37f-ac63-4ce8-b398-3b56d9b9a5c6	VND 현금	99302000.00000000	97402000.00000000	1.00000000	0.00000000	-1900000.00000000	\N	\N	현금 자산 수정	{"newBalance": 97402000, "oldBalance": 99302000, "assetUpdate": true, "balanceChange": -1900000, "denominationChanges": {"200000": -2, "500000": -3}}	2025-08-20 12:29:19.140424	confirmed	\N	true
9a03dc1f-29bb-4894-92aa-8d2557402868	dev-user-1	cash_exchange	\N	\N	VND 현금	\N	\N	KRW 현금	3000000.00000000	159000.00000000	18.90000000	0.00000000	0.00000000	\N	\N	실제 테스트 - VND→KRW 20만동 15장	{"customerName": "VND테스트고객", "krwBreakdown": {"1000": 4, "5000": 1, "10000": 0, "50000": 3}, "customerPhone": "010-7777-8888", "transactionType": "cash_exchange", "denominationAmounts": {"200000": "15"}}	2025-08-20 12:29:27.293578	confirmed	\N	true
8018c75c-ebbf-45fe-85e6-74cd164a354b	dev-user-1	cash_change	cash	c191b37f-ac63-4ce8-b398-3b56d9b9a5c6	VND 현금	cash	c191b37f-ac63-4ce8-b398-3b56d9b9a5c6	VND 현금	97402000.00000000	100402000.00000000	1.00000000	0.00000000	3000000.00000000	\N	\N	현금 자산 수정	{"newBalance": 100402000, "oldBalance": 97402000, "assetUpdate": true, "balanceChange": 3000000, "denominationChanges": {"200000": 15}}	2025-08-20 12:29:27.416094	confirmed	\N	true
c5e33b9e-4793-44d7-8a4e-5ed0d5996b9a	dev-user-1	cash_change	cash	51c625d0-b430-4871-9ef5-ba2b05d8a1fd	KRW 현금	cash	51c625d0-b430-4871-9ef5-ba2b05d8a1fd	KRW 현금	4865000.00000000	4706000.00000000	1.00000000	0.00000000	-159000.00000000	\N	\N	현금 자산 수정	{"newBalance": 4706000, "oldBalance": 4865000, "assetUpdate": true, "balanceChange": -159000, "denominationChanges": {"10000": -10}}	2025-08-20 12:29:27.486011	confirmed	\N	true
0b4eabc2-886f-44fe-8e28-5533a5091078	dev-user-1	cash_exchange	\N	\N	VND 현금	\N	\N	USD 현금	4000000.00000000	157.00000000	0.00003914	0.00000000	0.00000000	\N	\N	실제 테스트 - VND→USD 50만동 8장	{"customerName": "USD테스트고객", "usdBreakdown": {"50": 1, "100": 1, "5_2_1": 2}, "customerPhone": "010-9999-0000", "transactionType": "cash_exchange", "denominationAmounts": {"500000": "8"}}	2025-08-20 12:29:36.464785	confirmed	\N	true
fceb0a49-6d06-47a7-9c66-42ca5975c6d8	dev-user-1	cash_change	cash	c191b37f-ac63-4ce8-b398-3b56d9b9a5c6	VND 현금	cash	c191b37f-ac63-4ce8-b398-3b56d9b9a5c6	VND 현금	100402000.00000000	104402000.00000000	1.00000000	0.00000000	4000000.00000000	\N	\N	현금 자산 수정	{"newBalance": 104402000, "oldBalance": 100402000, "assetUpdate": true, "balanceChange": 4000000, "denominationChanges": {"500000": 8}}	2025-08-20 12:29:36.56466	confirmed	\N	true
b091065b-ed01-43e3-bb94-c15110e8bda2	dev-user-1	cash_change	cash	6f46f0e4-82ed-4ee2-b203-ea7bf5a2a39e	USD 현금	cash	6f46f0e4-82ed-4ee2-b203-ea7bf5a2a39e	USD 현금	3087.00000000	2930.00000000	1.00000000	0.00000000	-157.00000000	\N	\N	현금 자산 수정	{"newBalance": 2930, "oldBalance": 3087, "assetUpdate": true, "balanceChange": -157, "denominationChanges": {"50": -1, "100": -1}}	2025-08-20 12:29:36.634673	confirmed	\N	true
668ca158-bf62-40e3-8e6b-584c27d1bdb4	dev-user-1	cash_change	cash	6f46f0e4-82ed-4ee2-b203-ea7bf5a2a39e	USD 현금	cash	6f46f0e4-82ed-4ee2-b203-ea7bf5a2a39e	USD 현금	2930.00000000	3030.00000000	1.00000000	0.00000000	100.00000000	\N	\N	현금 자산 수정	{"newBalance": 3030, "oldBalance": 2930, "assetUpdate": true, "balanceChange": 100, "denominationChanges": {"100": 1}}	2025-08-20 12:29:45.812443	confirmed	\N	true
d570d9f2-b577-4ad9-9231-e6db016fd52b	dev-user-1	cash_exchange	account		KRW 현금	cash		USD 현금	500000.00000000	357.00000000	0.00071400	0.00000000	0.00000000	\N	\N		{"floorProfit": 0, "customerName": "", "usdBreakdown": {"2": 1, "5": 1, "50": 1, "100": 3}, "customerPhone": "", "toDenomination": "", "isAutoCalculated": false, "fromDenominations": ["50000"], "exchangeRateSource": "", "denominationAmounts": {"50000": "10"}}	2025-08-20 14:26:50.101821	confirmed	\N	true
c0ff1c49-0e6f-4557-8c6a-b64a44a63222	dev-user-1	cash_change	cash	51c625d0-b430-4871-9ef5-ba2b05d8a1fd	KRW 현금	cash	51c625d0-b430-4871-9ef5-ba2b05d8a1fd	KRW 현금	4706000.00000000	5206000.00000000	1.00000000	0.00000000	500000.00000000	\N	\N	현금 자산 수정	{"newBalance": 5206000, "oldBalance": 4706000, "assetUpdate": true, "balanceChange": 500000, "denominationChanges": {"50000": 10}}	2025-08-20 14:26:50.242367	confirmed	\N	true
a30fa7ec-9290-4742-82ad-067c3e8e7468	dev-user-1	cash_change	cash	6f46f0e4-82ed-4ee2-b203-ea7bf5a2a39e	USD 현금	cash	6f46f0e4-82ed-4ee2-b203-ea7bf5a2a39e	USD 현금	3030.00000000	2673.00000000	1.00000000	0.00000000	-357.00000000	\N	\N	현금 자산 수정	{"newBalance": 2673, "oldBalance": 3030, "assetUpdate": true, "balanceChange": -357, "denominationChanges": {"2": -1, "5": -1, "50": -1, "100": -3}}	2025-08-20 14:26:50.314333	confirmed	\N	true
cdf250f6-9fb3-4915-8558-1ba4f2a18a9d	dev-user-1	cash_to_krw_account	\N	\N	USD 현금	\N	\N	카카오뱅크 (김학태)	50.00000000	69500.00000000	1390.00000000	0.00000000	0.00000000	\N	\N	USD 현금→KRW계좌 테스트	{"krwBreakdown": {"1000": 4, "5000": 1, "10000": 1, "50000": 1}, "transactionType": "cash_to_krw_account", "denominationAmounts": {"50": "1"}}	2025-08-20 15:11:59.608915	confirmed	\N	true
58ea1201-214c-4a2f-83e4-76625b070e6d	dev-user-1	cash_change	cash	6f46f0e4-82ed-4ee2-b203-ea7bf5a2a39e	USD 현금	cash	6f46f0e4-82ed-4ee2-b203-ea7bf5a2a39e	USD 현금	2673.00000000	2723.00000000	1.00000000	0.00000000	50.00000000	\N	\N	현금 자산 수정	{"newBalance": 2723, "oldBalance": 2673, "assetUpdate": true, "balanceChange": 50, "denominationChanges": {"50": 1}}	2025-08-20 15:11:59.761868	confirmed	\N	true
fae478be-7429-4915-9a7f-a9c3264f2269	dev-user-1	vnd_account_to_krw_account	\N	\N	신한은행	\N	\N	카카오뱅크 (김학태)	1000000.00000000	51000.00000000	0.05100000	0.00000000	0.00000000	\N	\N	VND계좌→KRW계좌 테스트	{"transactionType": "vnd_account_to_krw_account"}	2025-08-20 15:12:09.90638	confirmed	\N	true
bff395ba-0d77-49e8-800d-afe53045212a	dev-user-1	cash_to_vnd_account	\N	\N	KRW 현금	\N	\N	신한은행	100000.00000000	1890000.00000000	18.90000000	0.00000000	0.00000000	\N	\N	KRW현금→VND계좌 테스트	{"transactionType": "cash_to_vnd_account", "denominationAmounts": {"50000": "2"}}	2025-08-20 15:12:11.862572	confirmed	\N	true
f8556b8e-e7ed-4855-a0ee-106051c82aea	dev-user-1	cash_change	cash	51c625d0-b430-4871-9ef5-ba2b05d8a1fd	KRW 현금	cash	51c625d0-b430-4871-9ef5-ba2b05d8a1fd	KRW 현금	5206000.00000000	5306000.00000000	1.00000000	0.00000000	100000.00000000	\N	\N	현금 자산 수정	{"newBalance": 5306000, "oldBalance": 5206000, "assetUpdate": true, "balanceChange": 100000, "denominationChanges": {"50000": 2}}	2025-08-20 15:12:11.932533	confirmed	\N	true
1cc8ca5c-240b-4e65-8f35-e3f8cf7000de	dev-user-1	krw_account_to_vnd_account	\N	\N	하나은행	\N	\N	BIDV	100000.00000000	1890000.00000000	18.90000000	0.00000000	0.00000000	\N	\N	KRW계좌→VND계좌 테스트	{"transactionType": "krw_account_to_vnd_account"}	2025-08-20 15:12:14.319105	confirmed	\N	true
df753e69-ccf0-48c7-b1d6-71f91bbe38a0	dev-user-1	cash_change	cash	c191b37f-ac63-4ce8-b398-3b56d9b9a5c6	VND 현금	cash	c191b37f-ac63-4ce8-b398-3b56d9b9a5c6	VND 현금	104404667.00000000	101871667.00000000	1.00000000	0.00000000	-2533000.00000000	\N	\N	현금 자산 수정	{"newBalance": 101868667, "oldBalance": 104402000, "assetUpdate": true, "balanceChange": -2533333, "denominationChanges": {"1000": -3, "10000": -1, "20000": -1, "500000": -5}}	2025-08-20 12:29:45.885011	confirmed	\N	true
8e753aa5-aac4-47c2-a2a9-317b46bf697d	dev-user-1	cash_exchange	cash		KRW 현금	cash		VND 현금	600000.00000000	11390000.00000000	18.98333333	0.00000000	0.00000000	\N	\N		{"floorProfit": 0, "customerName": "", "vndBreakdown": {}, "customerPhone": "", "toDenomination": "", "isAutoCalculated": false, "fromDenominations": [], "exchangeRateSource": "", "denominationAmounts": {"10000": "10", "50000": "10"}}	2025-08-20 16:33:20.441013	confirmed	\N	true
77458d26-80a9-4d52-81b3-0c2ac19f1128	dev-user-1	cash_change	cash	51c625d0-b430-4871-9ef5-ba2b05d8a1fd	KRW 현금	cash	51c625d0-b430-4871-9ef5-ba2b05d8a1fd	KRW 현금	5306000.00000000	5906000.00000000	1.00000000	0.00000000	600000.00000000	\N	\N	현금 자산 수정	{"newBalance": 5906000, "oldBalance": 5306000, "assetUpdate": true, "balanceChange": 600000, "denominationChanges": {"10000": 10, "50000": 10}}	2025-08-20 16:33:20.58068	confirmed	\N	true
3842805b-5279-4680-8090-2f09522c10d9	dev-user-1	cash_exchange	cash		KRW 현금	cash		VND 현금	600000.00000000	11390000.00000000	18.98333333	0.00000000	0.00000000	\N	\N		{"floorProfit": 0, "customerName": "", "vndBreakdown": {}, "customerPhone": "", "toDenomination": "", "isAutoCalculated": false, "fromDenominations": [], "exchangeRateSource": "", "denominationAmounts": {"10000": "10", "50000": "10"}}	2025-08-20 16:37:38.316187	confirmed	\N	true
5140f051-a327-448a-9cef-8372e8d173e4	dev-user-1	cash_change	cash	51c625d0-b430-4871-9ef5-ba2b05d8a1fd	KRW 현금	cash	51c625d0-b430-4871-9ef5-ba2b05d8a1fd	KRW 현금	5906000.00000000	6506000.00000000	1.00000000	0.00000000	600000.00000000	\N	\N	현금 자산 수정	{"newBalance": 6506000, "oldBalance": 5906000, "assetUpdate": true, "balanceChange": 600000, "denominationChanges": {"10000": 10, "50000": 10}}	2025-08-20 16:37:38.433737	confirmed	\N	true
3581031a-17fd-4cc6-9a9b-f1636f7f7c95	dev-user-1	cash_exchange	cash		KRW 현금	cash		VND 현금	50000.00000000	950000.00000000	19.00000000	0.00000000	0.00000000	\N	\N		{"floorProfit": 0, "customerName": "", "vndBreakdown": {"50000": 1, "200000": 2, "500000": 1}, "customerPhone": "", "toDenomination": "", "isAutoCalculated": false, "fromDenominations": ["50000"], "exchangeRateSource": "", "denominationAmounts": {"50000": "1"}}	2025-08-21 02:23:55.662682	confirmed	\N	true
14933d26-d915-4049-a078-e9c64063cf73	dev-user-1	cash_change	cash	51c625d0-b430-4871-9ef5-ba2b05d8a1fd	KRW 현금	cash	51c625d0-b430-4871-9ef5-ba2b05d8a1fd	KRW 현금	6506000.00000000	6556000.00000000	1.00000000	0.00000000	50000.00000000	\N	\N	현금 자산 수정	{"newBalance": 6556000, "oldBalance": 6506000, "assetUpdate": true, "balanceChange": 50000, "denominationChanges": {"50000": 1}}	2025-08-21 02:23:55.807175	confirmed	\N	true
2edfe812-712d-41a2-b1fb-ff38094af191	dev-user-1	cash_change	cash	c191b37f-ac63-4ce8-b398-3b56d9b9a5c6	VND 현금	cash	c191b37f-ac63-4ce8-b398-3b56d9b9a5c6	VND 현금	79088667.00000000	78138667.00000000	1.00000000	0.00000000	-950000.00000000	\N	\N	현금 자산 수정	{"newBalance": 78138667, "oldBalance": 79088667, "assetUpdate": true, "balanceChange": -950000, "denominationChanges": {"50000": -1, "200000": -2, "500000": -1}}	2025-08-21 02:23:55.878803	confirmed	\N	true
219aa404-804c-4cab-ad4f-54f92e9f0e79	dev-user-1	cash_exchange	\N	\N	USD 현금	\N	\N	VND 현금	100.00000000	2533000.00000000	25330.00000000	0.00000000	0.00000000	\N	\N	실제 테스트 - USD→VND $100 1장	{"customerName": "역방향테스트고객", "vndBreakdown": {"1000": 3, "5000": 0, "10000": 1, "20000": 1, "500000": 5}, "customerPhone": "010-1010-2020", "transactionType": "cash_exchange", "denominationAmounts": {"100": "1"}}	2025-08-20 12:29:45.707946	confirmed	\N	true
96a71b61-add3-427a-97da-7f3fce43e606	dev-user-1	cash_to_krw_account	cash		VND 현금	account		카카오뱅크 (김학태)	5000000.00000000	255000.00000000	0.05100000	0.00000000	0.00000000	\N	\N	1234567890	{"floorProfit": 0, "customerName": "김학태", "krwBreakdown": {"5000": 1, "50000": 5}, "customerPhone": "하나은행", "toDenomination": "", "isAutoCalculated": false, "fromDenominations": [], "exchangeRateSource": "", "denominationAmounts": {"500000": "10"}}	2025-08-21 05:53:32.429755	confirmed	\N	true
033d24e4-eb14-4c56-93a8-c529cfb0d15a	dev-user-1	cash_change	cash	c191b37f-ac63-4ce8-b398-3b56d9b9a5c6	VND 현금	cash	c191b37f-ac63-4ce8-b398-3b56d9b9a5c6	VND 현금	78138667.00000000	83138667.00000000	1.00000000	0.00000000	5000000.00000000	\N	\N	현금 자산 수정	{"newBalance": 83138667, "oldBalance": 78138667, "assetUpdate": true, "balanceChange": 5000000, "denominationChanges": {"500000": 10}}	2025-08-21 05:53:32.5772	confirmed	\N	false
7195a048-2050-4983-8737-645682ad0971	dev-user-1	cash_exchange	\N	\N	KRW 현금	\N	\N	VND 현금	135000.00000000	2561000.00000000	18.97000000	0.00000000	0.00000000	\N	\N	권종별 가중평균 환율 테스트: 50000원권 2장, 10000원권 3장, 5000원권 1장	{"rateType": "mySellRate", "rateSource": "권종별 가중평균", "customerName": "권종별환율테스트", "vndBreakdown": {"1000": 1, "10000": 1, "50000": 1, "100000": 1, "500000": 5}, "customerPhone": "010-1234-5678", "calculatedDetails": {"5000_krw": {"vnd": 94000, "rate": 18.8, "amount": 5000}, "10000_krw": {"vnd": 567000, "rate": 18.9, "amount": 30000}, "50000_krw": {"vnd": 1900000, "rate": 19, "amount": 100000}}, "denominationAmounts": {"5000": "1", "10000": "3", "50000": "2"}}	2025-08-21 16:36:56.329359	confirmed	\N	true
8694d641-041d-4978-a81b-fb66dd4bd6ac	dev-user-1	cash_change	cash	51c625d0-b430-4871-9ef5-ba2b05d8a1fd	KRW 현금	cash	51c625d0-b430-4871-9ef5-ba2b05d8a1fd	KRW 현금	6556000.00000000	6691000.00000000	1.00000000	0.00000000	135000.00000000	\N	\N	현금 자산 수정	{"newBalance": 6691000, "oldBalance": 6556000, "assetUpdate": true, "balanceChange": 135000, "denominationChanges": {"5000": 1, "10000": 3, "50000": 2}}	2025-08-21 16:36:56.470992	confirmed	\N	false
772aa0ff-d03c-4c46-aff2-bd9800a6ba66	dev-user-1	cash_change	cash	c191b37f-ac63-4ce8-b398-3b56d9b9a5c6	VND 현금	cash	c191b37f-ac63-4ce8-b398-3b56d9b9a5c6	VND 현금	83138667.00000000	80577667.00000000	1.00000000	0.00000000	-2561000.00000000	\N	\N	현금 자산 수정	{"newBalance": 80577667, "oldBalance": 83138667, "assetUpdate": true, "balanceChange": -2561000, "denominationChanges": {"1000": -1, "10000": -1, "50000": -1, "100000": -1, "500000": -5}}	2025-08-21 16:36:56.540316	confirmed	\N	false
a1de39e8-65c3-47bc-9160-992b02989380	dev-user-1	cash_exchange	\N	\N	USD 현금	\N	\N	VND 현금	70.00000000	1798000.00000000	25685.71000000	0.00000000	0.00000000	\N	\N	USD→VND 매수시세 테스트: 50달러 1장, 20달러 1장	{"rateType": "myBuyRate", "rateSource": "권종별 가중평균", "customerName": "USD환전테스트", "vndBreakdown": {"1000": 3, "5000": 1, "20000": 2, "50000": 1, "200000": 1, "500000": 3}, "calculatedDetails": {"20_usd": {"vnd": 513000, "rate": 25650, "amount": 20}, "50_usd": {"vnd": 1285000, "rate": 25700, "amount": 50}}, "denominationAmounts": {"20": "1", "50": "1"}}	2025-08-21 16:37:19.948565	confirmed	\N	true
2b49e91b-d62a-4346-b502-65b1ab193997	dev-user-1	cash_change	cash	6f46f0e4-82ed-4ee2-b203-ea7bf5a2a39e	USD 현금	cash	6f46f0e4-82ed-4ee2-b203-ea7bf5a2a39e	USD 현금	2723.00000000	2793.00000000	1.00000000	0.00000000	70.00000000	\N	\N	현금 자산 수정	{"newBalance": 2793, "oldBalance": 2723, "assetUpdate": true, "balanceChange": 70, "denominationChanges": {"20": 1, "50": 1}}	2025-08-21 16:37:20.062523	confirmed	\N	false
dcd69798-3bf1-4bca-b331-d93ff0024d52	dev-user-1	cash_change	cash	c191b37f-ac63-4ce8-b398-3b56d9b9a5c6	VND 현금	cash	c191b37f-ac63-4ce8-b398-3b56d9b9a5c6	VND 현금	80577667.00000000	78779667.00000000	1.00000000	0.00000000	-1798000.00000000	\N	\N	현금 자산 수정	{"newBalance": 78779667, "oldBalance": 80577667, "assetUpdate": true, "balanceChange": -1798000, "denominationChanges": {"1000": -3, "5000": -1, "20000": -2, "200000": -1, "500000": -3}}	2025-08-21 16:37:20.14118	confirmed	\N	false
ba9990dc-3c9d-4f96-8c05-ae990656faa9	dev-user-1	cash_to_krw_account	\N	\N	KRW 현금	\N	\N	KRW 국민은행	100000.00000000	100000.00000000	1.00000000	0.00000000	0.00000000	\N	\N	현금→KRW계좌 이체 테스트	{"transferType": "cash_to_account", "denominationAmounts": {"50000": "2"}}	2025-08-21 16:38:06.442153	confirmed	\N	true
071e4c39-5f3e-40a3-bfdc-f82c9fd071ac	dev-user-1	cash_change	cash	51c625d0-b430-4871-9ef5-ba2b05d8a1fd	KRW 현금	cash	51c625d0-b430-4871-9ef5-ba2b05d8a1fd	KRW 현금	6691000.00000000	6791000.00000000	1.00000000	0.00000000	100000.00000000	\N	\N	현금 자산 수정	{"newBalance": 6791000, "oldBalance": 6691000, "assetUpdate": true, "balanceChange": 100000, "denominationChanges": {"50000": 2}}	2025-08-21 16:38:06.50619	confirmed	\N	false
12479ac4-7264-44eb-9c9a-d1994f98aab3	dev-user-1	cash_to_krw_account	\N	\N	KRW 현금	\N	\N	국민은행 (김학태)	100000.00000000	100000.00000000	1.00000000	0.00000000	0.00000000	\N	\N	현금→KRW계좌 이체 테스트 (수정)	{"transferType": "cash_to_account", "denominationAmounts": {"50000": "2"}}	2025-08-21 16:38:24.400588	confirmed	\N	true
460df51e-a93d-43c4-9932-c976b7782503	dev-user-1	cash_change	cash	51c625d0-b430-4871-9ef5-ba2b05d8a1fd	KRW 현금	cash	51c625d0-b430-4871-9ef5-ba2b05d8a1fd	KRW 현금	6791000.00000000	6891000.00000000	1.00000000	0.00000000	100000.00000000	\N	\N	현금 자산 수정	{"newBalance": 6891000, "oldBalance": 6791000, "assetUpdate": true, "balanceChange": 100000, "denominationChanges": {"50000": 2}}	2025-08-21 16:38:24.499575	confirmed	\N	false
d9d49f47-08ff-46cd-9846-1b30dc1e1c41	dev-user-1	vnd_account_to_krw_account	\N	\N	신한은행	\N	\N	카카오뱅크 (김학태)	1000000.00000000	52700.00000000	0.05270000	0.00000000	0.00000000	\N	\N	VND→KRW 계좌 간 이체 테스트 (환율 적용)	{"exchangeRate": "18.97", "transferType": "account_to_account"}	2025-08-21 16:38:37.489841	confirmed	\N	true
4c20bb97-0a18-4283-bdd5-0451b52228b9	dev-user-1	cash_exchange	\N	\N	KRW 현금	\N	\N	VND 현금	500000.00000000	9475000.00000000	18.95000000	0.00000000	0.00000000	\N	\N	대량 KRW→VND 복합거래: 5개 권종 조합	{"rateType": "mySellRate", "rateSource": "권종별 가중평균", "customerName": "대량거래테스트", "vndBreakdown": {"5000": 1, "10000": 2, "20000": 1, "50000": 1, "100000": 1, "200000": 2, "500000": 18}, "calculatedDetails": {"1000_krw": {"vnd": 940000, "rate": 18.8, "amount": 50000}, "5000_krw": {"vnd": 940000, "rate": 18.8, "amount": 50000}, "10000_krw": {"vnd": 2835000, "rate": 18.9, "amount": 150000}, "50000_krw": {"vnd": 4750000, "rate": 19, "amount": 250000}}, "denominationAmounts": {"1000": "50", "5000": "10", "10000": "15", "50000": "5"}}	2025-08-21 16:41:02.875107	confirmed	\N	true
83a99105-1aed-4b73-b334-addc6be61656	dev-user-1	cash_change	cash	51c625d0-b430-4871-9ef5-ba2b05d8a1fd	KRW 현금	cash	51c625d0-b430-4871-9ef5-ba2b05d8a1fd	KRW 현금	6891000.00000000	7391000.00000000	1.00000000	0.00000000	500000.00000000	\N	\N	현금 자산 수정	{"newBalance": 7391000, "oldBalance": 6891000, "assetUpdate": true, "balanceChange": 500000, "denominationChanges": {"1000": 50, "5000": 10, "10000": 15, "50000": 5}}	2025-08-21 16:41:02.995468	confirmed	\N	false
75eb9ef8-51ff-4ac2-bbef-cd7f57165977	dev-user-1	cash_change	cash	c191b37f-ac63-4ce8-b398-3b56d9b9a5c6	VND 현금	cash	c191b37f-ac63-4ce8-b398-3b56d9b9a5c6	VND 현금	78779667.00000000	69304667.00000000	1.00000000	0.00000000	-9475000.00000000	\N	\N	현금 자산 수정	{"newBalance": 69304667, "oldBalance": 78779667, "assetUpdate": true, "balanceChange": -9475000, "denominationChanges": {"5000": -1, "10000": -2, "20000": -1, "100000": -1, "200000": -2, "500000": -18}}	2025-08-21 16:41:03.071391	confirmed	\N	false
5789048b-4ec5-48b0-8f5a-fe0d779f958d	dev-user-1	cash_exchange	\N	\N	USD 현금	\N	\N	VND 현금	35.00000000	897750.00000000	25650.00000000	0.00000000	0.00000000	\N	\N	소액 USD→VND 복합거래: 혼합 권종	{"rateType": "myBuyRate", "customerName": "소액거래테스트", "vndBreakdown": {"1000": 2, "2000": 1, "5000": 1, "20000": 2, "50000": 1, "100000": 1, "200000": 1, "500000": 1}, "calculatedDetails": {"1_usd": {"vnd": 128750, "rate": 25750, "amount": 5}, "5_usd": {"vnd": 257000, "rate": 25700, "amount": 10}, "10_usd": {"vnd": 512000, "rate": 25600, "amount": 20}}, "denominationAmounts": {"1": "5", "5": "2", "10": "2"}}	2025-08-21 16:41:18.290207	confirmed	\N	true
c6fc41b0-e839-4ec9-843f-c553d50e7d08	dev-user-1	cash_change	cash	6f46f0e4-82ed-4ee2-b203-ea7bf5a2a39e	USD 현금	cash	6f46f0e4-82ed-4ee2-b203-ea7bf5a2a39e	USD 현금	2793.00000000	2828.00000000	1.00000000	0.00000000	35.00000000	\N	\N	현금 자산 수정	{"newBalance": 2828, "oldBalance": 2793, "assetUpdate": true, "balanceChange": 35, "denominationChanges": {"1": 5, "5": 2, "10": 2}}	2025-08-21 16:41:18.400423	confirmed	\N	false
36c3b658-7ed1-47f7-a1f6-b0deefaa9807	dev-user-1	cash_change	cash	c191b37f-ac63-4ce8-b398-3b56d9b9a5c6	VND 현금	cash	c191b37f-ac63-4ce8-b398-3b56d9b9a5c6	VND 현금	69304667.00000000	68406917.00000000	1.00000000	0.00000000	-897750.00000000	\N	\N	현금 자산 수정	{"newBalance": 68406917, "oldBalance": 69304667, "assetUpdate": true, "balanceChange": -897750, "denominationChanges": {"1000": -2, "2000": -1, "5000": -1, "20000": -2, "100000": -1, "200000": -1, "500000": -1}}	2025-08-21 16:41:18.476525	confirmed	\N	false
90aad969-66f6-42d9-8643-85c3105a655c	dev-user-1	cash_to_vnd_account	\N	\N	VND 현금	\N	\N	BIDV	5000000.00000000	5000000.00000000	1.00000000	0.00000000	0.00000000	\N	\N	VND 현금→VND계좌 이체 테스트	{"transferType": "cash_to_account", "vndBreakdown": {"500000": "10"}}	2025-08-21 16:41:31.339774	confirmed	\N	true
3609b760-ee1d-4009-9a49-4205bd4c7a2d	dev-user-1	krw_account_to_vnd_account	\N	\N	하나은행	\N	\N	신한은행	300000.00000000	5691000.00000000	18.97000000	0.00000000	0.00000000	\N	\N	KRW계좌→VND계좌 이체 테스트 (환율 적용)	{"exchangeRate": "18.97", "transferType": "account_to_account"}	2025-08-21 16:41:41.873322	confirmed	\N	true
61f9d3d0-e1f7-40c7-aa90-77786dba0d5a	dev-user-1	cash_exchange	\N	\N	USD 현금	\N	\N	VND 현금	2.00000000	51300.00000000	25650.00000000	0.00000000	0.00000000	\N	\N	경계값 테스트: 최소 금액 USD→VND	{"rateType": "myBuyRate", "customerName": "경계값테스트", "vndBreakdown": {"100": "1", "200": "1", "1000": "1", "50000": "1"}, "calculatedDetails": {"1_usd": {"vnd": 51300, "rate": 25650, "amount": 2}}, "denominationAmounts": {"1": "2"}}	2025-08-21 16:41:55.891582	confirmed	\N	true
8ca7539f-d272-46ac-9ff4-d359a14b5322	dev-user-1	cash_change	cash	6f46f0e4-82ed-4ee2-b203-ea7bf5a2a39e	USD 현금	cash	6f46f0e4-82ed-4ee2-b203-ea7bf5a2a39e	USD 현금	2828.00000000	2830.00000000	1.00000000	0.00000000	2.00000000	\N	\N	현금 자산 수정	{"newBalance": 2830, "oldBalance": 2828, "assetUpdate": true, "balanceChange": 2, "denominationChanges": {"1": 2}}	2025-08-21 16:41:56.028696	confirmed	\N	false
6c2a6307-b5e9-4c08-977a-291475a8b984	dev-user-1	cash_change	cash	c191b37f-ac63-4ce8-b398-3b56d9b9a5c6	VND 현금	cash	c191b37f-ac63-4ce8-b398-3b56d9b9a5c6	VND 현금	73406917.00000000	73355617.00000000	1.00000000	0.00000000	-51300.00000000	\N	\N	현금 자산 수정	{"newBalance": 73355617, "oldBalance": 73406917, "assetUpdate": true, "balanceChange": -51300, "denominationChanges": {"1000": -1}}	2025-08-21 16:41:56.10609	confirmed	\N	false
1884aca4-b5a2-43f2-9da9-7d05437a7fee	dev-user-1	cash_exchange	\N	\N	KRW 현금	\N	\N	VND 현금	888000.00000000	16827200.00000000	18.94400000	0.00000000	0.00000000	\N	\N	복잡한 권종 조합: 모든 KRW 권종 포함	{"rateType": "mySellRate", "customerName": "복잡권종테스트", "vndBreakdown": {"1000": 0, "2000": 1, "5000": 0, "10000": 1, "20000": 1, "50000": 1, "100000": 1, "200000": 1, "500000": 33}, "calculatedDetails": {"1000_krw": {"vnd": 1654400, "rate": 18.8, "amount": 88000}, "5000_krw": {"vnd": 1410000, "rate": 18.8, "amount": 75000}, "10000_krw": {"vnd": 4725000, "rate": 18.9, "amount": 250000}, "50000_krw": {"vnd": 7600000, "rate": 19, "amount": 400000}}, "denominationAmounts": {"1000": "88", "5000": "15", "10000": "25", "50000": "8"}}	2025-08-21 16:42:12.148095	confirmed	\N	true
bdb0516c-5b76-4aee-9dec-2a2ef48d63a7	dev-user-1	cash_change	cash	51c625d0-b430-4871-9ef5-ba2b05d8a1fd	KRW 현금	cash	51c625d0-b430-4871-9ef5-ba2b05d8a1fd	KRW 현금	7391000.00000000	8279000.00000000	1.00000000	0.00000000	888000.00000000	\N	\N	현금 자산 수정	{"newBalance": 8279000, "oldBalance": 7391000, "assetUpdate": true, "balanceChange": 888000, "denominationChanges": {"1000": 88, "5000": 15, "10000": 25, "50000": 8}}	2025-08-21 16:42:12.260676	confirmed	\N	false
7873b01a-6e2f-4e1c-8a30-86648ef8ab3c	dev-user-1	cash_change	cash	c191b37f-ac63-4ce8-b398-3b56d9b9a5c6	VND 현금	cash	c191b37f-ac63-4ce8-b398-3b56d9b9a5c6	VND 현금	73355617.00000000	56528417.00000000	1.00000000	0.00000000	-16827200.00000000	\N	\N	현금 자산 수정	{"newBalance": 56528417, "oldBalance": 73355617, "assetUpdate": true, "balanceChange": -16827200, "denominationChanges": {"2000": -1, "10000": -1, "100000": -1, "200000": -1, "500000": -33}}	2025-08-21 16:42:12.329423	confirmed	\N	false
ea15dbe0-cfc3-4264-ba40-341b931a1afd	dev-user-1	cash_exchange	\N	\N	VND 현금	\N	\N	KRW 현금	3000000.00000000	158100.00000000	0.05270000	0.00000000	0.00000000	\N	\N	연속거래 테스트: VND→KRW 역환전	{"rateType": "myBuyRate", "customerName": "연속거래테스트", "exchangeRate": "18.97", "krwBreakdown": {"1000": "3", "5000": "1", "10000": "0", "50000": "3"}, "vndBreakdown": {"500000": "6"}}	2025-08-21 16:42:26.229699	confirmed	\N	true
2867b46f-a4c9-4c19-8911-3a6cee87ed6e	dev-user-1	cash_change	cash	51c625d0-b430-4871-9ef5-ba2b05d8a1fd	KRW 현금	cash	51c625d0-b430-4871-9ef5-ba2b05d8a1fd	KRW 현금	8279000.00000000	8120900.00000000	1.00000000	0.00000000	-158100.00000000	\N	\N	현금 자산 수정	{"newBalance": 8120900, "oldBalance": 8279000, "assetUpdate": true, "balanceChange": -158100, "denominationChanges": {"1000": -3, "5000": -1, "50000": -3}}	2025-08-21 16:42:26.411858	confirmed	\N	false
a3a7dd36-439a-4e35-b543-1c85dce7f3d0	dev-user-1	cash_to_krw_account	cash	\N	VND 현금	bank	839b886c-5a61-49c4-a59f-28f2e5308d49	카카오뱅크 (김학태)	1000000.00000000	53191.00000000	0.05319149	0.00000000	0.00000000	\N	\N	복합거래 (VND→KRW)	{"customer": {"name": "", "phone": "", "isAnonymous": false}, "transferType": "cash_to_krw_account", "customerAccount": {"bankName": "신한은행", "accountHolder": "김철수", "accountNumber": "11111111"}, "denominationAmounts": {"1000": 3, "50000": 1}}	2025-08-21 18:27:44.031475	confirmed	\N	true
28dfd3d4-a3b6-4d92-829a-ee7b009a9ed2	dev-user-1	cash_change	cash	c191b37f-ac63-4ce8-b398-3b56d9b9a5c6	VND 현금	cash	c191b37f-ac63-4ce8-b398-3b56d9b9a5c6	VND 현금	59528417.00000000	60528417.00000000	1.00000000	0.00000000	1000000.00000000	\N	\N	현금 자산 수정	{"newBalance": 60528417, "oldBalance": 59528417, "assetUpdate": true, "balanceChange": 1000000, "denominationChanges": {"1000": 3, "50000": 1}}	2025-08-21 18:27:46.302677	confirmed	\N	false
14b93f56-c8e6-4028-9708-2f4b09838ea9	dev-user-1	cash_to_krw_account	cash	\N	VND 현금	bank	839b886c-5a61-49c4-a59f-28f2e5308d49	카카오뱅크 (김학태)	2000000.00000000	106382.00000000	0.05319149	0.00000000	0.00000000	\N	\N	복합거래 (VND→KRW)	{"customer": {"name": "", "phone": "", "isAnonymous": false}, "transferType": "cash_to_krw_account", "customerAccount": {"bankName": "하나은행", "accountHolder": "김갑용", "accountNumber": "222222222"}, "denominationAmounts": {}}	2025-08-21 18:30:18.307063	confirmed	\N	true
6f5c2969-ab4c-4c80-a811-6a7e7204c3a4	dev-user-1	cash_to_krw_account	cash	\N	VND 현금	bank	839b886c-5a61-49c4-a59f-28f2e5308d49	카카오뱅크 (김학태)	15000000.00000000	797872.00000000	0.05319149	0.00000000	0.00000000	\N	\N	복합거래 (VND→KRW)	{"customer": {"name": "", "phone": "", "isAnonymous": false}, "transferType": "cash_to_krw_account", "customerAccount": {"bankName": "신한은행", "accountHolder": "김강강", "accountNumber": "333333333"}, "denominationAmounts": {}}	2025-08-21 18:34:44.341346	confirmed	\N	true
ab18fa86-5c8a-4496-b6ac-a7ddb7616fe2	dev-user-1	cash_exchange	cash	\N	KRW 현금	cash	\N	VND 현금	50000.00000000	944000.00000000	18.90000000	0.00000000	0.00000000	\N	\N	복합거래 (KRW→VND)	{"customer": {"name": "", "phone": "", "isAnonymous": true}, "transferType": "cash_exchange", "denominationAmounts": {}}	2025-08-22 05:13:20.396256	confirmed	\N	true
7cbdf775-a230-4d64-8a41-465f132e4878	dev-user-1	cash_change	cash	6f46f0e4-82ed-4ee2-b203-ea7bf5a2a39e	USD 현금	cash	6f46f0e4-82ed-4ee2-b203-ea7bf5a2a39e	USD 현금	2830.00000000	2775.00000000	1.00000000	0.00000000	-55.00000000	\N	\N	현금 자산 수정	{"newBalance": 2775, "oldBalance": 2830, "assetUpdate": true, "balanceChange": -55, "denominationChanges": {"1": -39, "2": -19}}	2025-08-22 08:37:25.935879	confirmed	\N	false
c561b4b4-d80b-4ce0-9c43-725ab1f75754	dev-user-1	cash_change	cash	c191b37f-ac63-4ce8-b398-3b56d9b9a5c6	VND 현금	cash	c191b37f-ac63-4ce8-b398-3b56d9b9a5c6	VND 현금	76584417.00000000	112254000.00000000	1.00000000	0.00000000	35669583.00000000	\N	\N	현금 자산 수정	{"newBalance": 112254000, "oldBalance": 76584417, "assetUpdate": true, "balanceChange": 35669583, "denominationChanges": {"20000": 10}}	2025-08-22 08:46:21.28483	confirmed	\N	false
52157f03-aa04-42c5-bb3f-986cb2eaf5b0	dev-user-1	cash_exchange	cash	\N	KRW 현금	cash	\N	USD 현금	448179.00000000	320.00000000	0.00071400	0.00000000	0.00000000	\N	\N	복합거래 USD 출금 1	{"customer": {"name": "", "phone": "", "isAnonymous": true}, "transferType": "cash_exchange", "denominationAmounts": {"20": 1, "100": 3}}	2025-08-22 13:22:13.761253	confirmed	\N	true
0baae135-f4ad-4942-8d00-b6d6ca939f44	dev-user-1	cash_change	cash	51c625d0-b430-4871-9ef5-ba2b05d8a1fd	KRW 현금	cash	51c625d0-b430-4871-9ef5-ba2b05d8a1fd	KRW 현금	8170900.00000000	8619079.00000000	1.00000000	0.00000000	448179.00000000	\N	\N	현금 자산 수정	{"newBalance": 8619079, "oldBalance": 8170900, "assetUpdate": true, "balanceChange": 448179, "denominationChanges": {"20": 1, "100": 3}}	2025-08-22 13:22:13.878118	confirmed	\N	false
05279860-c3b4-4204-b6a1-1b2c0644beae	dev-user-1	cash_exchange	cash	\N	KRW 현금	cash	\N	VND 현금	1322.00000000	25000.00000000	18.90000000	0.00000000	0.00000000	\N	\N	복합거래 VND 출금 2	{"customer": {"name": "", "phone": "", "isAnonymous": true}, "transferType": "cash_exchange", "denominationAmounts": {"5000": 1, "20000": 1}}	2025-08-22 13:22:16.370254	confirmed	main	true
f3e02079-67e3-4efd-b2c2-260c07727315	dev-user-1	cash_change	cash	51c625d0-b430-4871-9ef5-ba2b05d8a1fd	KRW 현금	cash	51c625d0-b430-4871-9ef5-ba2b05d8a1fd	KRW 현금	8619079.00000000	8620401.00000000	1.00000000	0.00000000	1322.00000000	\N	\N	현금 자산 수정	{"newBalance": 8620401, "oldBalance": 8619079, "assetUpdate": true, "balanceChange": 1322, "denominationChanges": {"5000": 1, "20000": 1}}	2025-08-22 13:22:16.440207	confirmed	\N	false
654c69c4-2446-4d35-9769-d0bd7a670393	dev-user-1	cash_change	cash	c191b37f-ac63-4ce8-b398-3b56d9b9a5c6	VND 현금	cash	c191b37f-ac63-4ce8-b398-3b56d9b9a5c6	VND 현금	112254000.00000000	112229000.00000000	1.00000000	0.00000000	-25000.00000000	\N	\N	현금 자산 수정	{"newBalance": 112229000, "oldBalance": 112254000, "assetUpdate": true, "balanceChange": -25000, "denominationChanges": {"5000": -1, "20000": -1}}	2025-08-22 13:22:16.510355	confirmed	\N	false
2d684d22-0998-4db1-9a65-11cc4ad7473a	dev-user-1	cash_exchange	\N	\N	KRW 현금	\N	\N	VND 현금	50000.00000000	945000.00000000	18.90000000	0.00000000	0.00000000	\N	\N	\N	{"vndBreakdown": {"5000": 1, "20000": 2, "100000": 1, "200000": 4}, "denominationAmounts": {"50,000": 1}}	2025-08-22 13:42:08.560312	confirmed	\N	true
4afcc2ff-de28-41db-96bb-3537950812b8	dev-user-1	cash_change	cash	51c625d0-b430-4871-9ef5-ba2b05d8a1fd	KRW 현금	cash	51c625d0-b430-4871-9ef5-ba2b05d8a1fd	KRW 현금	8620401.00000000	8670401.00000000	1.00000000	0.00000000	50000.00000000	\N	\N	현금 자산 수정	{"newBalance": 8670401, "oldBalance": 8620401, "assetUpdate": true, "balanceChange": 50000, "denominationChanges": {"50000": 1}}	2025-08-22 13:42:08.691749	confirmed	\N	false
e42c3d86-8007-4da6-ad1d-3bbee21b7c5c	dev-user-1	cash_change	cash	c191b37f-ac63-4ce8-b398-3b56d9b9a5c6	VND 현금	cash	c191b37f-ac63-4ce8-b398-3b56d9b9a5c6	VND 현금	112229000.00000000	111284000.00000000	1.00000000	0.00000000	-945000.00000000	\N	\N	현금 자산 수정	{"newBalance": 111284000, "oldBalance": 112229000, "assetUpdate": true, "balanceChange": -945000, "denominationChanges": {"5000": -1, "20000": -2, "100000": -1, "200000": -4}}	2025-08-22 13:42:08.760023	confirmed	\N	false
a6e78561-88de-4bcf-9708-9411d0dd6c77	dev-user-1	cash_exchange	\N	\N	VND 현금	\N	\N	KRW 현금	1000000.00000000	53191.00000000	0.05319100	0.00000000	0.00000000	\N	\N	\N	{"krwBreakdown": {"1000": 3, "50000": 1}, "denominationAmounts": {"200000": 5}}	2025-08-22 13:42:22.731358	confirmed	\N	true
4e6c17b3-6960-453f-b6a5-e8bb47927138	dev-user-1	cash_change	cash	c191b37f-ac63-4ce8-b398-3b56d9b9a5c6	VND 현금	cash	c191b37f-ac63-4ce8-b398-3b56d9b9a5c6	VND 현금	111284000.00000000	112284000.00000000	1.00000000	0.00000000	1000000.00000000	\N	\N	현금 자산 수정	{"newBalance": 112284000, "oldBalance": 111284000, "assetUpdate": true, "balanceChange": 1000000, "denominationChanges": {"200000": 5}}	2025-08-22 13:42:22.85348	confirmed	\N	false
2facc691-eafe-4f88-8853-f1407c2a00a1	dev-user-1	cash_change	cash	51c625d0-b430-4871-9ef5-ba2b05d8a1fd	KRW 현금	cash	51c625d0-b430-4871-9ef5-ba2b05d8a1fd	KRW 현금	8670401.00000000	8617210.00000000	1.00000000	0.00000000	-53191.00000000	\N	\N	현금 자산 수정	{"newBalance": 8617210, "oldBalance": 8670401, "assetUpdate": true, "balanceChange": -53191, "denominationChanges": {"1000": -3, "50000": -1}}	2025-08-22 13:42:22.920454	confirmed	\N	false
4a885449-d093-4c73-b178-7ac180bed60c	dev-user-1	cash_exchange	\N	\N	KRW 현금	\N	\N	USD 현금	140000.00000000	100.00000000	0.00071400	0.00000000	0.00000000	\N	\N	\N	{"usdBreakdown": {"100": 1}, "denominationAmounts": {"10000": 4, "50,000": 2}}	2025-08-22 13:42:25.736105	confirmed	\N	true
d3e85298-7ca1-46d9-867f-94b31383643d	dev-user-1	cash_change	cash	51c625d0-b430-4871-9ef5-ba2b05d8a1fd	KRW 현금	cash	51c625d0-b430-4871-9ef5-ba2b05d8a1fd	KRW 현금	8617210.00000000	8757210.00000000	1.00000000	0.00000000	140000.00000000	\N	\N	현금 자산 수정	{"newBalance": 8757210, "oldBalance": 8617210, "assetUpdate": true, "balanceChange": 140000, "denominationChanges": {"10000": 4, "50000": 2}}	2025-08-22 13:42:25.804088	confirmed	\N	false
a9453622-e71c-4d3c-8902-ef824ee7d7c8	dev-user-1	cash_change	cash	6f46f0e4-82ed-4ee2-b203-ea7bf5a2a39e	USD 현금	cash	6f46f0e4-82ed-4ee2-b203-ea7bf5a2a39e	USD 현금	2455.00000000	2355.00000000	1.00000000	0.00000000	-100.00000000	\N	\N	현금 자산 수정	{"newBalance": 2355, "oldBalance": 2455, "assetUpdate": true, "balanceChange": -100, "denominationChanges": {"100": -1}}	2025-08-22 13:42:25.871093	confirmed	\N	false
96ae3798-61be-4dd5-bac2-f3920fc2a98d	dev-user-1	cash_exchange	\N	\N	USD 현금	\N	\N	KRW 현금	50.00000000	68750.00000000	1375.00000000	0.00000000	0.00000000	\N	\N	\N	{"krwBreakdown": {"1000": 3, "5000": 3, "10000": 1, "50000": 1}, "denominationAmounts": {"50": 1}}	2025-08-22 13:42:28.104228	confirmed	\N	true
f24bb977-dbb5-4d77-9f49-0c05c171eca0	dev-user-1	cash_change	cash	6f46f0e4-82ed-4ee2-b203-ea7bf5a2a39e	USD 현금	cash	6f46f0e4-82ed-4ee2-b203-ea7bf5a2a39e	USD 현금	2355.00000000	2405.00000000	1.00000000	0.00000000	50.00000000	\N	\N	현금 자산 수정	{"newBalance": 2405, "oldBalance": 2355, "assetUpdate": true, "balanceChange": 50, "denominationChanges": {"50": 1}}	2025-08-22 13:42:28.188744	confirmed	\N	false
826137c0-43da-405c-828b-2b6f6521a6e5	dev-user-1	cash_change	cash	51c625d0-b430-4871-9ef5-ba2b05d8a1fd	KRW 현금	cash	51c625d0-b430-4871-9ef5-ba2b05d8a1fd	KRW 현금	8757210.00000000	8688460.00000000	1.00000000	0.00000000	-68750.00000000	\N	\N	현금 자산 수정	{"newBalance": 8688460, "oldBalance": 8757210, "assetUpdate": true, "balanceChange": -68750, "denominationChanges": {"1000": -3, "5000": -1, "10000": -1, "50000": -1}}	2025-08-22 13:42:28.257945	confirmed	\N	false
10dbba4d-978a-42e5-974f-b0105c031289	dev-user-1	cash_exchange	\N	\N	USD 현금	\N	\N	VND 현금	100.00000000	2450000.00000000	24500.00000000	0.00000000	0.00000000	\N	\N	\N	{"vndBreakdown": {"50000": 1, "200000": 2, "500000": 4}, "denominationAmounts": {"100": 1}}	2025-08-22 13:43:11.837026	confirmed	\N	true
38051d76-377e-4589-82e7-36756a57e4fe	dev-user-1	cash_change	cash	6f46f0e4-82ed-4ee2-b203-ea7bf5a2a39e	USD 현금	cash	6f46f0e4-82ed-4ee2-b203-ea7bf5a2a39e	USD 현금	2405.00000000	2505.00000000	1.00000000	0.00000000	100.00000000	\N	\N	현금 자산 수정	{"newBalance": 2505, "oldBalance": 2405, "assetUpdate": true, "balanceChange": 100, "denominationChanges": {"100": 1}}	2025-08-22 13:43:11.905245	confirmed	\N	false
56bd7ce0-128c-471c-ab12-3c897ab54d47	dev-user-1	cash_change	cash	c191b37f-ac63-4ce8-b398-3b56d9b9a5c6	VND 현금	cash	c191b37f-ac63-4ce8-b398-3b56d9b9a5c6	VND 현금	112284000.00000000	109834000.00000000	1.00000000	0.00000000	-2450000.00000000	\N	\N	현금 자산 수정	{"newBalance": 109834000, "oldBalance": 112284000, "assetUpdate": true, "balanceChange": -2450000, "denominationChanges": {"50000": -1, "200000": -2, "500000": -4}}	2025-08-22 13:43:11.974967	confirmed	\N	false
687e74b7-b32f-4c3b-9486-f7f9c2925c43	dev-user-1	cash_exchange	\N	\N	VND 현금	\N	\N	USD 현금	1225000.00000000	50.00000000	0.00004100	0.00000000	0.00000000	\N	\N	\N	{"usdBreakdown": {"50": 1}, "denominationAmounts": {"5000": 1, "20000": 1, "200000": 1, "500000": 2}}	2025-08-22 13:43:15.962026	confirmed	\N	true
cf948665-4983-4ad0-b5e3-13556d9ef2c5	dev-user-1	cash_change	cash	c191b37f-ac63-4ce8-b398-3b56d9b9a5c6	VND 현금	cash	c191b37f-ac63-4ce8-b398-3b56d9b9a5c6	VND 현금	109834000.00000000	111059000.00000000	1.00000000	0.00000000	1225000.00000000	\N	\N	현금 자산 수정	{"newBalance": 111059000, "oldBalance": 109834000, "assetUpdate": true, "balanceChange": 1225000, "denominationChanges": {"5000": 1, "20000": 1, "200000": 1, "500000": 2}}	2025-08-22 13:43:16.056539	confirmed	\N	false
f17330ba-13f1-4424-b7c4-953c6e01a45d	dev-user-1	cash_change	cash	6f46f0e4-82ed-4ee2-b203-ea7bf5a2a39e	USD 현금	cash	6f46f0e4-82ed-4ee2-b203-ea7bf5a2a39e	USD 현금	2505.00000000	2455.00000000	1.00000000	0.00000000	-50.00000000	\N	\N	현금 자산 수정	{"newBalance": 2455, "oldBalance": 2505, "assetUpdate": true, "balanceChange": -50, "denominationChanges": {"50": -1}}	2025-08-22 13:43:16.119559	confirmed	\N	false
fa3d0ba7-8233-446f-9014-ddf7a4f96a6c	dev-user-1	krw_account_to_vnd_account	bank	839b886c-5a61-49c4-a59f-28f2e5308d49	카카오뱅크 (김학태)	bank	df3b2f8e-b5e8-48a2-9589-8a0e9e89c30c	신한은행	1400000.00000000	26459000.00000000	18.90000000	0.00000000	0.00000000	\N	\N	복합거래 (KRW→VND)	{"customer": {"name": "", "phone": "", "isAnonymous": true}, "transferType": "krw_account_to_vnd_account", "customerAccount": {"bankName": "", "accountHolder": "", "accountNumber": ""}, "denominationAmounts": {}}	2025-08-23 02:30:08.050533	confirmed	\N	true
f51dd47a-74ea-41e0-a82d-f353de616d6b	dev-user-1	cash_to_krw_account	\N	\N	KRW 현금	\N	\N	국민은행 (김학태)	200000.00000000	200000.00000000	1.00000000	0.00000000	0.00000000	\N	\N	\N	{"denominationAmounts": {"50000": 4}}	2025-08-23 06:39:09.906253	confirmed	\N	true
8e8dd7ca-226f-4fbd-806f-0b9c5c8fff97	dev-user-1	cash_change	cash	51c625d0-b430-4871-9ef5-ba2b05d8a1fd	KRW 현금	cash	51c625d0-b430-4871-9ef5-ba2b05d8a1fd	KRW 현금	8688460.00000000	8888460.00000000	1.00000000	0.00000000	200000.00000000	\N	\N	현금 자산 수정	{"newBalance": 8888460, "oldBalance": 8688460, "assetUpdate": true, "balanceChange": 200000, "denominationChanges": {"50000": 4}}	2025-08-23 06:39:10.030279	confirmed	\N	false
29799b3e-58da-4308-bb5f-fe8907880f3c	dev-user-1	cash_to_vnd_account	\N	\N	VND 현금	\N	\N	신한은행	5000000.00000000	5000000.00000000	1.00000000	0.00000000	0.00000000	\N	\N	\N	{"denominationAmounts": {"500000": 10}}	2025-08-23 06:39:11.908975	confirmed	\N	true
17c1c3ef-6509-4b1d-8500-0e14ef61bfa8	dev-user-1	cash_change	cash	c191b37f-ac63-4ce8-b398-3b56d9b9a5c6	VND 현금	cash	c191b37f-ac63-4ce8-b398-3b56d9b9a5c6	VND 현금	111059000.00000000	116059000.00000000	1.00000000	0.00000000	5000000.00000000	\N	\N	현금 자산 수정	{"newBalance": 116059000, "oldBalance": 111059000, "assetUpdate": true, "balanceChange": 5000000, "denominationChanges": {"500000": 10}}	2025-08-23 06:39:11.981088	confirmed	\N	false
3c05658b-acd9-446b-819e-ef1a82111b99	dev-user-1	krw_account_to_cash	\N	\N	국민은행 (김학태)	\N	\N	KRW 현금	150000.00000000	150000.00000000	1.00000000	0.00000000	0.00000000	\N	\N	\N	{"denominationAmounts": {"50000": 3}}	2025-08-23 06:39:38.280192	confirmed	\N	false
7e12db05-b563-4be6-97b6-2c5949ed7e7b	dev-user-1	cash_change	cash	51c625d0-b430-4871-9ef5-ba2b05d8a1fd	KRW 현금	cash	51c625d0-b430-4871-9ef5-ba2b05d8a1fd	KRW 현금	8888460.00000000	9038460.00000000	1.00000000	0.00000000	150000.00000000	\N	\N	현금 자산 수정	{"newBalance": 9038460, "oldBalance": 8888460, "assetUpdate": true, "balanceChange": 150000, "denominationChanges": {"50000": 3}}	2025-08-23 06:39:38.424113	confirmed	\N	false
8d55e164-2c6e-4672-b753-fd79db170775	dev-user-1	vnd_account_to_cash	\N	\N	신한은행	\N	\N	VND 현금	3000000.00000000	3000000.00000000	1.00000000	0.00000000	0.00000000	\N	\N	\N	{"denominationAmounts": {"500000": 6}}	2025-08-23 06:39:40.341687	confirmed	\N	false
9dd70b4e-c08d-4df6-8ef1-203725a0c129	dev-user-1	cash_change	cash	c191b37f-ac63-4ce8-b398-3b56d9b9a5c6	VND 현금	cash	c191b37f-ac63-4ce8-b398-3b56d9b9a5c6	VND 현금	116059000.00000000	119059000.00000000	1.00000000	0.00000000	3000000.00000000	\N	\N	현금 자산 수정	{"newBalance": 119059000, "oldBalance": 116059000, "assetUpdate": true, "balanceChange": 3000000, "denominationChanges": {"500000": 6}}	2025-08-23 06:39:40.467818	confirmed	\N	false
e6ac5446-4b5d-439e-b636-d578afb129f0	dev-user-1	vnd_account_to_krw_account	\N	\N	신한은행	\N	\N	하나은행	5000000.00000000	264650.00000000	0.05293000	0.00000000	0.00000000	\N	\N	\N	{}	2025-08-23 06:40:04.392003	confirmed	\N	true
0ae2c747-20e8-4587-91c9-f0f175b2ad5c	dev-user-1	krw_account_to_vnd_account	\N	\N	하나은행	\N	\N	BIDV	250000.00000000	4722500.00000000	18.89000000	0.00000000	0.00000000	\N	\N	\N	{}	2025-08-23 06:40:06.576862	confirmed	\N	true
e0d0b8fb-7aa0-47ef-ada7-7670a2b41d5a	dev-user-1	cash_exchange	\N	\N	KRW 현금	\N	\N	VND 현금	100000.00000000	1889000.00000000	18.89000000	0.00000000	0.00000000	\N	\N	\N	{"vndBreakdown": {"89000": 1, "200000": 1, "500000": 3}, "denominationAmounts": {"10,000": 5, "50,000": 1}}	2025-08-23 06:40:34.464287	confirmed	\N	true
1a8e01ec-ca7b-4c08-971a-ded22aa8ade0	dev-user-1	cash_change	cash	51c625d0-b430-4871-9ef5-ba2b05d8a1fd	KRW 현금	cash	51c625d0-b430-4871-9ef5-ba2b05d8a1fd	KRW 현금	9038460.00000000	9138460.00000000	1.00000000	0.00000000	100000.00000000	\N	\N	현금 자산 수정	{"newBalance": 9138460, "oldBalance": 9038460, "assetUpdate": true, "balanceChange": 100000, "denominationChanges": {"10000": 5, "50000": 1}}	2025-08-23 06:40:34.561227	confirmed	\N	false
b7974491-f9d4-4922-a952-3d8f2b9e3ad2	dev-user-1	cash_change	cash	c191b37f-ac63-4ce8-b398-3b56d9b9a5c6	VND 현금	cash	c191b37f-ac63-4ce8-b398-3b56d9b9a5c6	VND 현금	119059000.00000000	117170000.00000000	1.00000000	0.00000000	-1889000.00000000	\N	\N	현금 자산 수정	{"newBalance": 117170000, "oldBalance": 119059000, "assetUpdate": true, "balanceChange": -1889000, "denominationChanges": {"200000": -1, "500000": -3}}	2025-08-23 06:40:34.634444	confirmed	\N	false
1dc93451-54c6-4a1f-ae99-0e36602c84ed	dev-user-1	cash_exchange	\N	\N	VND 현금	\N	\N	KRW 현금	100000000.00000000	5290000.00000000	0.05290000	0.00000000	0.00000000	\N	\N	\N	{"krwBreakdown": {"1000": 5, "5000": 1, "10000": 1, "50000": 105}, "denominationAmounts": {"500000": 200}}	2025-08-23 06:41:01.580325	confirmed	\N	true
a810987f-6c3b-43f2-9301-3a440fedf64f	dev-user-1	cash_change	cash	c191b37f-ac63-4ce8-b398-3b56d9b9a5c6	VND 현금	cash	c191b37f-ac63-4ce8-b398-3b56d9b9a5c6	VND 현금	117170000.00000000	217170000.00000000	1.00000000	0.00000000	100000000.00000000	\N	\N	현금 자산 수정	{"newBalance": 217170000, "oldBalance": 117170000, "assetUpdate": true, "balanceChange": 100000000, "denominationChanges": {"500000": 200}}	2025-08-23 06:41:01.69322	confirmed	\N	false
301f997e-927a-4c03-b089-bca5f5af2247	dev-user-1	cash_change	cash	51c625d0-b430-4871-9ef5-ba2b05d8a1fd	KRW 현금	cash	51c625d0-b430-4871-9ef5-ba2b05d8a1fd	KRW 현금	9138460.00000000	3848460.00000000	1.00000000	0.00000000	-5290000.00000000	\N	\N	현금 자산 수정	{"newBalance": 3848460, "oldBalance": 9138460, "assetUpdate": true, "balanceChange": -5290000, "denominationChanges": {"10000": -4, "50000": -105}}	2025-08-23 06:41:01.756534	confirmed	\N	false
\.


--
-- Data for Name: user_settings; Type: TABLE DATA; Schema: public; Owner: neondb_owner
--

COPY public.user_settings (id, user_id, bithumb_fee_rate, bithumb_grade, default_fee_rates, created_at, updated_at) FROM stdin;
f00da81d-2bb5-40a7-a1d9-0a1398910814	dev-user-1	0.0004	white	{"binance": 0.001, "bithumb": 0.0004}	2025-08-19 13:44:01.552776	2025-08-19 13:44:01.552776
\.


--
-- Data for Name: users; Type: TABLE DATA; Schema: public; Owner: neondb_owner
--

COPY public.users (id, username, password) FROM stdin;
\.


--
-- PostgreSQL database dump complete
--

